from_space,to_space,transform_type,backend,confidence,reversible,data_files,status,notes,artifact_id,artifact_version,provider,url,sha256,size_bytes,format,convention,qualification,qualification_scope,qa_url,license,from_domain_id,to_domain_id,method,engine_revision,input_lock_sha256,hemisphere
MNI305,MNI152,affine,internal_affine,approximate,TRUE,NA,available,Legacy FreeSurfer coordinate-family affine; generic MNI152 does not identify an exact template or cortical registration,NA,NA,NA,NA,NA,NA,NA,NA,NA,NA,NA,NA,NA,NA,NA,NA,NA,NA
MNI152,MNI305,affine,internal_affine,approximate,TRUE,NA,available,Legacy FreeSurfer coordinate-family affine; generic MNI152 does not identify an exact template or cortical registration,NA,NA,NA,NA,NA,NA,NA,NA,NA,NA,NA,NA,NA,NA,NA,NA,NA,NA
MNI152NLin6Asym,MNI152NLin2009cAsym,nonlinear_warp,neurotransform,high,TRUE,tpl-MNI152NLin2009cAsym_from-MNI152NLin6Asym_mode-image_xfm.h5,available,neuroatlas ANTs pair; qualified on 1 mm and 2 mm target grids,tpl-MNI152NLin2009cAsym_from-MNI152NLin6Asym_mode-image_xfm,transform-artifacts-v1,neuroatlas,https://github.com/bbuchsbaum/neuroatlas/releases/download/transform-artifacts-v1/tpl-MNI152NLin2009cAsym_from-MNI152NLin6Asym_mode-image_xfm.h5,8275d687c4230f56fcc45d7c6ac603e0f8b6685ae95beeeae9434df3e552909c,89954288,ants_h5,ants_image_pullback_ras,passed,template_pair_1mm_2mm,https://github.com/bbuchsbaum/neuroatlas/releases/download/transform-artifacts-v1/qa.json,https://github.com/bbuchsbaum/neuroatlas/releases/download/transform-artifacts-v1/LICENSES.md,NA,NA,NA,NA,NA,NA
MNI152NLin2009cAsym,MNI152NLin6Asym,nonlinear_warp,neurotransform,high,TRUE,tpl-MNI152NLin6Asym_from-MNI152NLin2009cAsym_mode-image_xfm.h5,available,neuroatlas ANTs pair; qualified on 1 mm and 2 mm target grids,tpl-MNI152NLin6Asym_from-MNI152NLin2009cAsym_mode-image_xfm,transform-artifacts-v1,neuroatlas,https://github.com/bbuchsbaum/neuroatlas/releases/download/transform-artifacts-v1/tpl-MNI152NLin6Asym_from-MNI152NLin2009cAsym_mode-image_xfm.h5,ac0bf960d3674c13d24450aa43573cfc3605dc5ac251635c2b345dd4d446246d,89958649,ants_h5,ants_image_pullback_ras,passed,template_pair_1mm_2mm,https://github.com/bbuchsbaum/neuroatlas/releases/download/transform-artifacts-v1/qa.json,https://github.com/bbuchsbaum/neuroatlas/releases/download/transform-artifacts-v1/LICENSES.md,NA,NA,NA,NA,NA,NA
fsaverage,fsaverage6,sphere_resample,sphere_nn,approximate,FALSE,fsaverage/surf/?h.sphere.reg,planned,Downsample 164k to 41k on registration sphere,NA,NA,NA,NA,NA,NA,NA,NA,NA,NA,NA,NA,NA,NA,NA,NA,NA,NA
fsaverage6,fsaverage,sphere_resample,sphere_nn,approximate,FALSE,fsaverage/surf/?h.sphere.reg,planned,Upsample 41k to 164k on registration sphere,NA,NA,NA,NA,NA,NA,NA,NA,NA,NA,NA,NA,NA,NA,NA,NA,NA,NA
fsaverage,fsaverage5,sphere_resample,sphere_nn,approximate,FALSE,fsaverage/surf/?h.sphere.reg,planned,Downsample 164k to 10k on registration sphere,NA,NA,NA,NA,NA,NA,NA,NA,NA,NA,NA,NA,NA,NA,NA,NA,NA,NA
fsaverage5,fsaverage,sphere_resample,sphere_nn,approximate,FALSE,fsaverage/surf/?h.sphere.reg,planned,Upsample 10k to 164k on registration sphere,NA,NA,NA,NA,NA,NA,NA,NA,NA,NA,NA,NA,NA,NA,NA,NA,NA,NA
fsaverage,fsLR_32k,sphere_resample,workbench,approximate,FALSE,fs_LR-deformed_to-fsaverage.?H.sphere.reg.surf.gii,planned,HCP sphere registration via Workbench,NA,NA,NA,NA,NA,NA,NA,NA,NA,NA,NA,NA,NA,NA,NA,NA,NA,NA
fsLR_32k,fsaverage,sphere_resample,workbench,approximate,FALSE,fsaverage_to-fs_LR.?H.sphere.reg.surf.gii,planned,HCP sphere registration via Workbench,NA,NA,NA,NA,NA,NA,NA,NA,NA,NA,NA,NA,NA,NA,NA,NA,NA,NA
MNI152NLin2009cAsym,fsaverage,vol2surf,neurosurf,approximate,FALSE,NA,planned,Unqualified projection; requires exact volume identity and an explicit projection method,NA,NA,NA,NA,NA,NA,NA,NA,NA,NA,NA,NA,NA,NA,NA,NA,NA,NA
fsaverage,MNI152NLin2009cAsym,surf2vol,ribbon_fill,approximate,FALSE,NA,planned,Directed rasterization; not an inverse; requires coverage and conflict policy,NA,NA,NA,NA,NA,NA,NA,NA,NA,NA,NA,NA,NA,NA,NA,NA,NA,NA
fsaverage,fsLR_32k,sphere_resample,neurotransform_native,approximate,FALSE,NA,available,"Exact pinned domains only; native geometric qualification, no Workbench parity or anatomical accuracy claim",native_L_down,surface-transforms-v1,neuroatlas,NA,NA,NA,native_barycentric,sphere_correspondence_fsaverage,passed,native_closest_barycentric_exact_domains_continuous_label_probability,https://github.com/bbuchsbaum/neuroatlas/blob/v0.2.0/data-raw/surface-transforms-v1/qualification/devbox-20261006/final/index.md,upstream_download_only; see surface-assets-LICENSES.md,db673d691ff6afb99706cd39db2511316deb6b345e43d7fa8cc9734a5142e110,662cdee2b9272e0943a8f6a994407782a1b70bde91c943efb61ffc933e1ac912,native_closest_barycentric,933edddda462593941e167726e8aaa7168ff103a,efcd4d03f1361ff3be350f5fa2f640b146677de5cd780ae2a5b523c6151c97e0,L
fsLR_32k,fsaverage,sphere_resample,neurotransform_native,approximate,FALSE,NA,available,"Exact pinned domains only; native geometric qualification, no Workbench parity or anatomical accuracy claim",native_L_up,surface-transforms-v1,neuroatlas,NA,NA,NA,native_barycentric,sphere_correspondence_fsaverage,passed,native_closest_barycentric_exact_domains_continuous_label_probability,https://github.com/bbuchsbaum/neuroatlas/blob/v0.2.0/data-raw/surface-transforms-v1/qualification/devbox-20261006/final/index.md,upstream_download_only; see surface-assets-LICENSES.md,662cdee2b9272e0943a8f6a994407782a1b70bde91c943efb61ffc933e1ac912,db673d691ff6afb99706cd39db2511316deb6b345e43d7fa8cc9734a5142e110,native_closest_barycentric,933edddda462593941e167726e8aaa7168ff103a,efcd4d03f1361ff3be350f5fa2f640b146677de5cd780ae2a5b523c6151c97e0,L
fsaverage,fsLR_32k,sphere_resample,neurotransform_native,approximate,FALSE,NA,available,"Exact pinned domains only; native geometric qualification, no Workbench parity or anatomical accuracy claim",native_R_down,surface-transforms-v1,neuroatlas,NA,NA,NA,native_barycentric,sphere_correspondence_fsaverage,passed,native_closest_barycentric_exact_domains_continuous_label_probability,https://github.com/bbuchsbaum/neuroatlas/blob/v0.2.0/data-raw/surface-transforms-v1/qualification/devbox-20261006/final/index.md,upstream_download_only; see surface-assets-LICENSES.md,fb6c4cbad68dc5d6881490379e6c2dcff26aac1f1841688121484c6f98cd2a0b,1816e589ab705013848a72961864f8618019d7a4ddbf4cb0aad59e09eacd37ac,native_closest_barycentric,933edddda462593941e167726e8aaa7168ff103a,efcd4d03f1361ff3be350f5fa2f640b146677de5cd780ae2a5b523c6151c97e0,R
fsLR_32k,fsaverage,sphere_resample,neurotransform_native,approximate,FALSE,NA,available,"Exact pinned domains only; native geometric qualification, no Workbench parity or anatomical accuracy claim",native_R_up,surface-transforms-v1,neuroatlas,NA,NA,NA,native_barycentric,sphere_correspondence_fsaverage,passed,native_closest_barycentric_exact_domains_continuous_label_probability,https://github.com/bbuchsbaum/neuroatlas/blob/v0.2.0/data-raw/surface-transforms-v1/qualification/devbox-20261006/final/index.md,upstream_download_only; see surface-assets-LICENSES.md,1816e589ab705013848a72961864f8618019d7a4ddbf4cb0aad59e09eacd37ac,fb6c4cbad68dc5d6881490379e6c2dcff26aac1f1841688121484c6f98cd2a0b,native_closest_barycentric,933edddda462593941e167726e8aaa7168ff103a,efcd4d03f1361ff3be350f5fa2f640b146677de5cd780ae2a5b523c6151c97e0,R
MNI152NLin6Asym,fsaverage,vol2surf,cbig_registration_fusion,approximate,FALSE,CBIG RF-ANTs MNI152 original ras; explicit qualified pullback/native composition,available,"Exact-domain population sampling, tested on 1mm and 2mm source grids; numerical agreement does not establish anatomical accuracy or reversibility",cbig_mni6_fsaverage_L,surface-projection-v1,neuroatlas,https://raw.githubusercontent.com/ThomasYeoLab/CBIG/634f676630929a71297852d01dd92a287103e861/stable_projects/registration/Wu2017_RegistrationFusion/bin/final_warps_FS5.3/lh.avgMapping_allSub_RF_ANTs_MNI152_orig_to_fsaverage.mat,3961b1e1f04621f8c1961ac8e4e5385813e47579214e0ccd5e62d685265205fd,3584268,cbig_mat5,zero_based_voxel_to_ras_mm,passed,registration_fusion_exact_domains_1mm_2mm_continuous_label_probability_sampling_numerical,https://github.com/bbuchsbaum/neuroatlas/blob/v0.2.0/data-raw/surface-transforms-v1/qualification/devbox-20261006/final/index.md,https://github.com/ThomasYeoLab/CBIG/blob/634f676630929a71297852d01dd92a287103e861/LICENSE.md,NA,db673d691ff6afb99706cd39db2511316deb6b345e43d7fa8cc9734a5142e110,cbig_rf_ants_linear_nearest,933edddda462593941e167726e8aaa7168ff103a,NA,L
MNI152NLin6Asym,fsLR_32k,vol2surf,cbig_registration_fusion,approximate,FALSE,CBIG RF-ANTs MNI152 original ras; explicit qualified pullback/native composition,available,"Exact-domain population sampling, tested on 1mm and 2mm source grids; numerical agreement does not establish anatomical accuracy or reversibility",cbig_mni6_fsLR_L,surface-projection-v1,neuroatlas,https://raw.githubusercontent.com/ThomasYeoLab/CBIG/634f676630929a71297852d01dd92a287103e861/stable_projects/registration/Wu2017_RegistrationFusion/bin/final_warps_FS5.3/lh.avgMapping_allSub_RF_ANTs_MNI152_orig_to_fsaverage.mat,3961b1e1f04621f8c1961ac8e4e5385813e47579214e0ccd5e62d685265205fd,3584268,cbig_mat5,zero_based_voxel_to_ras_mm,passed,registration_fusion_exact_domains_1mm_2mm_continuous_label_probability_sampling_numerical,https://github.com/bbuchsbaum/neuroatlas/blob/v0.2.0/data-raw/surface-transforms-v1/qualification/devbox-20261006/final/index.md,https://github.com/ThomasYeoLab/CBIG/blob/634f676630929a71297852d01dd92a287103e861/LICENSE.md,NA,662cdee2b9272e0943a8f6a994407782a1b70bde91c943efb61ffc933e1ac912,cbig_rf_ants_linear_nearest,933edddda462593941e167726e8aaa7168ff103a,NA,L
MNI152NLin6Asym,fsaverage,vol2surf,cbig_registration_fusion,approximate,FALSE,CBIG RF-ANTs MNI152 original ras; explicit qualified pullback/native composition,available,"Exact-domain population sampling, tested on 1mm and 2mm source grids; numerical agreement does not establish anatomical accuracy or reversibility",cbig_mni6_fsaverage_R,surface-projection-v1,neuroatlas,https://raw.githubusercontent.com/ThomasYeoLab/CBIG/634f676630929a71297852d01dd92a287103e861/stable_projects/registration/Wu2017_RegistrationFusion/bin/final_warps_FS5.3/rh.avgMapping_allSub_RF_ANTs_MNI152_orig_to_fsaverage.mat,c44a8a824ade7c7c2203f2cd91cc6dced7c064d4371a45270cc50bb02d182319,3573633,cbig_mat5,zero_based_voxel_to_ras_mm,passed,registration_fusion_exact_domains_1mm_2mm_continuous_label_probability_sampling_numerical,https://github.com/bbuchsbaum/neuroatlas/blob/v0.2.0/data-raw/surface-transforms-v1/qualification/devbox-20261006/final/index.md,https://github.com/ThomasYeoLab/CBIG/blob/634f676630929a71297852d01dd92a287103e861/LICENSE.md,NA,fb6c4cbad68dc5d6881490379e6c2dcff26aac1f1841688121484c6f98cd2a0b,cbig_rf_ants_linear_nearest,933edddda462593941e167726e8aaa7168ff103a,NA,R
MNI152NLin6Asym,fsLR_32k,vol2surf,cbig_registration_fusion,approximate,FALSE,CBIG RF-ANTs MNI152 original ras; explicit qualified pullback/native composition,available,"Exact-domain population sampling, tested on 1mm and 2mm source grids; numerical agreement does not establish anatomical accuracy or reversibility",cbig_mni6_fsLR_R,surface-projection-v1,neuroatlas,https://raw.githubusercontent.com/ThomasYeoLab/CBIG/634f676630929a71297852d01dd92a287103e861/stable_projects/registration/Wu2017_RegistrationFusion/bin/final_warps_FS5.3/rh.avgMapping_allSub_RF_ANTs_MNI152_orig_to_fsaverage.mat,c44a8a824ade7c7c2203f2cd91cc6dced7c064d4371a45270cc50bb02d182319,3573633,cbig_mat5,zero_based_voxel_to_ras_mm,passed,registration_fusion_exact_domains_1mm_2mm_continuous_label_probability_sampling_numerical,https://github.com/bbuchsbaum/neuroatlas/blob/v0.2.0/data-raw/surface-transforms-v1/qualification/devbox-20261006/final/index.md,https://github.com/ThomasYeoLab/CBIG/blob/634f676630929a71297852d01dd92a287103e861/LICENSE.md,NA,1816e589ab705013848a72961864f8618019d7a4ddbf4cb0aad59e09eacd37ac,cbig_rf_ants_linear_nearest,933edddda462593941e167726e8aaa7168ff103a,NA,R
MNI152NLin2009cAsym,fsaverage,vol2surf,cbig_registration_fusion,approximate,FALSE,CBIG RF-ANTs MNI152 original ras; explicit qualified pullback/native composition,available,"Exact-domain population sampling, tested on 1mm and 2mm source grids; numerical agreement does not establish anatomical accuracy or reversibility",cbig_mni2009c_fsaverage_L,surface-projection-v1,neuroatlas,https://raw.githubusercontent.com/ThomasYeoLab/CBIG/634f676630929a71297852d01dd92a287103e861/stable_projects/registration/Wu2017_RegistrationFusion/bin/final_warps_FS5.3/lh.avgMapping_allSub_RF_ANTs_MNI152_orig_to_fsaverage.mat,3961b1e1f04621f8c1961ac8e4e5385813e47579214e0ccd5e62d685265205fd,3584268,cbig_mat5,zero_based_voxel_to_ras_mm,passed,registration_fusion_exact_domains_1mm_2mm_continuous_label_probability_sampling_numerical,https://github.com/bbuchsbaum/neuroatlas/blob/v0.2.0/data-raw/surface-transforms-v1/qualification/devbox-20261006/final/index.md,https://github.com/ThomasYeoLab/CBIG/blob/634f676630929a71297852d01dd92a287103e861/LICENSE.md,NA,db673d691ff6afb99706cd39db2511316deb6b345e43d7fa8cc9734a5142e110,cbig_rf_ants_linear_nearest,933edddda462593941e167726e8aaa7168ff103a,NA,L
MNI152NLin2009cAsym,fsLR_32k,vol2surf,cbig_registration_fusion,approximate,FALSE,CBIG RF-ANTs MNI152 original ras; explicit qualified pullback/native composition,available,"Exact-domain population sampling, tested on 1mm and 2mm source grids; numerical agreement does not establish anatomical accuracy or reversibility",cbig_mni2009c_fsLR_L,surface-projection-v1,neuroatlas,https://raw.githubusercontent.com/ThomasYeoLab/CBIG/634f676630929a71297852d01dd92a287103e861/stable_projects/registration/Wu2017_RegistrationFusion/bin/final_warps_FS5.3/lh.avgMapping_allSub_RF_ANTs_MNI152_orig_to_fsaverage.mat,3961b1e1f04621f8c1961ac8e4e5385813e47579214e0ccd5e62d685265205fd,3584268,cbig_mat5,zero_based_voxel_to_ras_mm,passed,registration_fusion_exact_domains_1mm_2mm_continuous_label_probability_sampling_numerical,https://github.com/bbuchsbaum/neuroatlas/blob/v0.2.0/data-raw/surface-transforms-v1/qualification/devbox-20261006/final/index.md,https://github.com/ThomasYeoLab/CBIG/blob/634f676630929a71297852d01dd92a287103e861/LICENSE.md,NA,662cdee2b9272e0943a8f6a994407782a1b70bde91c943efb61ffc933e1ac912,cbig_rf_ants_linear_nearest,933edddda462593941e167726e8aaa7168ff103a,NA,L
MNI152NLin2009cAsym,fsaverage,vol2surf,cbig_registration_fusion,approximate,FALSE,CBIG RF-ANTs MNI152 original ras; explicit qualified pullback/native composition,available,"Exact-domain population sampling, tested on 1mm and 2mm source grids; numerical agreement does not establish anatomical accuracy or reversibility",cbig_mni2009c_fsaverage_R,surface-projection-v1,neuroatlas,https://raw.githubusercontent.com/ThomasYeoLab/CBIG/634f676630929a71297852d01dd92a287103e861/stable_projects/registration/Wu2017_RegistrationFusion/bin/final_warps_FS5.3/rh.avgMapping_allSub_RF_ANTs_MNI152_orig_to_fsaverage.mat,c44a8a824ade7c7c2203f2cd91cc6dced7c064d4371a45270cc50bb02d182319,3573633,cbig_mat5,zero_based_voxel_to_ras_mm,passed,registration_fusion_exact_domains_1mm_2mm_continuous_label_probability_sampling_numerical,https://github.com/bbuchsbaum/neuroatlas/blob/v0.2.0/data-raw/surface-transforms-v1/qualification/devbox-20261006/final/index.md,https://github.com/ThomasYeoLab/CBIG/blob/634f676630929a71297852d01dd92a287103e861/LICENSE.md,NA,fb6c4cbad68dc5d6881490379e6c2dcff26aac1f1841688121484c6f98cd2a0b,cbig_rf_ants_linear_nearest,933edddda462593941e167726e8aaa7168ff103a,NA,R
MNI152NLin2009cAsym,fsLR_32k,vol2surf,cbig_registration_fusion,approximate,FALSE,CBIG RF-ANTs MNI152 original ras; explicit qualified pullback/native composition,available,"Exact-domain population sampling, tested on 1mm and 2mm source grids; numerical agreement does not establish anatomical accuracy or reversibility",cbig_mni2009c_fsLR_R,surface-projection-v1,neuroatlas,https://raw.githubusercontent.com/ThomasYeoLab/CBIG/634f676630929a71297852d01dd92a287103e861/stable_projects/registration/Wu2017_RegistrationFusion/bin/final_warps_FS5.3/rh.avgMapping_allSub_RF_ANTs_MNI152_orig_to_fsaverage.mat,c44a8a824ade7c7c2203f2cd91cc6dced7c064d4371a45270cc50bb02d182319,3573633,cbig_mat5,zero_based_voxel_to_ras_mm,passed,registration_fusion_exact_domains_1mm_2mm_continuous_label_probability_sampling_numerical,https://github.com/bbuchsbaum/neuroatlas/blob/v0.2.0/data-raw/surface-transforms-v1/qualification/devbox-20261006/final/index.md,https://github.com/ThomasYeoLab/CBIG/blob/634f676630929a71297852d01dd92a287103e861/LICENSE.md,NA,1816e589ab705013848a72961864f8618019d7a4ddbf4cb0aad59e09eacd37ac,cbig_rf_ants_linear_nearest,933edddda462593941e167726e8aaa7168ff103a,NA,R
