case,hemisphere,parcels,method,lost_labels,opposite_hemisphere_vertices,available_vertices,median_parcel_dice,reference_disagreement_fraction,retention_gate_passed
L-100,L,100,BARYCENTRIC-aggregate,,0,29345,0.889880448880618,0.1201171875,True
L-100,L,100,BARYCENTRIC-largest,,0,29345,0.8924039066379739,0.12018453663793104,True
L-100,L,100,ADAP_BARY_AREA-aggregate,,0,29401,0.8911737496410679,0.11668238146551724,True
L-100,L,100,ADAP_BARY_AREA-largest,,0,29401,0.8905458768873403,0.11907327586206896,True
L-100,L,100,native-aggregate,,0,29345,0.889880448880618,0.1201171875,True
L-100,L,100,native-largest,,0,29345,0.8924039066379739,0.12018453663793104,True
L-400,L,400,BARYCENTRIC-aggregate,,0,29345,0.7879242863890952,0.23080549568965517,True
L-400,L,400,BARYCENTRIC-largest,,0,29345,0.7861867134913667,0.23087284482758622,True
L-400,L,400,ADAP_BARY_AREA-aggregate,,0,29401,0.7952522255192879,0.22491244612068967,True
L-400,L,400,ADAP_BARY_AREA-largest,,0,29401,0.7870646766169154,0.22959321120689655,True
L-400,L,400,native-aggregate,,0,29345,0.7879242863890952,0.23080549568965517,True
L-400,L,400,native-largest,,0,29345,0.7861867134913667,0.23087284482758622,True
L-1000,L,1000,BARYCENTRIC-aggregate,214,0,29345,0.6550198352151357,0.3515625,False
L-1000,L,1000,BARYCENTRIC-largest,214,0,29345,0.6593326885880078,0.35129310344827586,False
L-1000,L,1000,ADAP_BARY_AREA-aggregate,214,0,29401,0.66,0.3416958512931034,False
L-1000,L,1000,ADAP_BARY_AREA-largest,214,0,29401,0.6558560924369747,0.3498114224137931,False
L-1000,L,1000,native-aggregate,214,0,29345,0.6550198352151357,0.3515625,False
L-1000,L,1000,native-largest,214,0,29345,0.6593326885880078,0.35129310344827586,False
R-100,R,100,BARYCENTRIC-aggregate,,2,29326,0.8826128127191957,0.14063130973213084,False
R-100,R,100,BARYCENTRIC-largest,,3,29326,0.8806224406224405,0.14143895544487817,False
R-100,R,100,ADAP_BARY_AREA-aggregate,,2,29393,0.8819753293614164,0.1369969040247678,False
R-100,R,100,ADAP_BARY_AREA-largest,,3,29393,0.8814982410863967,0.1397900121146857,False
R-100,R,100,native-aggregate,,2,29326,0.8826128127191957,0.14063130973213084,False
R-100,R,100,native-largest,,3,29326,0.8806224406224405,0.14143895544487817,False
R-400,R,400,BARYCENTRIC-aggregate,,2,29326,0.7791844701165797,0.2466011576255216,False
R-400,R,400,BARYCENTRIC-largest,,3,29326,0.7798032098501833,0.2471732400053843,False
R-400,R,400,ADAP_BARY_AREA-aggregate,,2,29393,0.7851187395779426,0.2402745995423341,False
R-400,R,400,ADAP_BARY_AREA-largest,,3,29393,0.7808398285926376,0.24559160048458742,False
R-400,R,400,native-aggregate,,2,29326,0.7791844701165797,0.2466011576255216,False
R-400,R,400,native-largest,,3,29326,0.7798032098501833,0.2471732400053843,False
R-1000,R,1000,BARYCENTRIC-aggregate,710 903,3,29326,0.6368715083798883,0.3725602369094091,False
R-1000,R,1000,BARYCENTRIC-largest,710 903,3,29326,0.6386554621848739,0.37343518643155205,False
R-1000,R,1000,ADAP_BARY_AREA-aggregate,710 903,3,29393,0.6491228070175439,0.3667721093013865,False
R-1000,R,1000,ADAP_BARY_AREA-largest,710 903,3,29393,0.6386554621848739,0.3717189392919639,False
R-1000,R,1000,native-aggregate,710 903,3,29326,0.6368715083798883,0.3725602369094091,False
R-1000,R,1000,native-largest,710 903,3,29326,0.6386554621848739,0.37343518643155205,False
