"map","key","name","hemisphere","source_voxels","sampled_vertices","target_vertices","expected_in_hemisphere","lost_at_sampling","lost_at_resampling","hemisphere_mismatch","status"
1,0,"???",NA,6165347,959,192,TRUE,FALSE,FALSE,FALSE,"zero_key"
1,1,"7Networks_LH_Vis_1","L",1930,0,0,FALSE,FALSE,FALSE,FALSE,"other_hemisphere"
1,2,"7Networks_LH_Vis_2","L",1703,0,0,FALSE,FALSE,FALSE,FALSE,"other_hemisphere"
1,3,"7Networks_LH_Vis_3","L",803,0,0,FALSE,FALSE,FALSE,FALSE,"other_hemisphere"
1,4,"7Networks_LH_Vis_4","L",976,0,0,FALSE,FALSE,FALSE,FALSE,"other_hemisphere"
1,5,"7Networks_LH_Vis_5","L",640,0,0,FALSE,FALSE,FALSE,FALSE,"other_hemisphere"
1,6,"7Networks_LH_Vis_6","L",1587,0,0,FALSE,FALSE,FALSE,FALSE,"other_hemisphere"
1,7,"7Networks_LH_Vis_7","L",441,0,0,FALSE,FALSE,FALSE,FALSE,"other_hemisphere"
1,8,"7Networks_LH_Vis_8","L",1984,0,0,FALSE,FALSE,FALSE,FALSE,"other_hemisphere"
1,9,"7Networks_LH_Vis_9","L",1366,0,0,FALSE,FALSE,FALSE,FALSE,"other_hemisphere"
1,10,"7Networks_LH_Vis_10","L",767,0,0,FALSE,FALSE,FALSE,FALSE,"other_hemisphere"
1,11,"7Networks_LH_Vis_11","L",1684,0,0,FALSE,FALSE,FALSE,FALSE,"other_hemisphere"
1,12,"7Networks_LH_Vis_12","L",2175,0,0,FALSE,FALSE,FALSE,FALSE,"other_hemisphere"
1,13,"7Networks_LH_Vis_13","L",940,0,0,FALSE,FALSE,FALSE,FALSE,"other_hemisphere"
1,14,"7Networks_LH_Vis_14","L",1770,0,0,FALSE,FALSE,FALSE,FALSE,"other_hemisphere"
1,15,"7Networks_LH_Vis_15","L",1259,0,0,FALSE,FALSE,FALSE,FALSE,"other_hemisphere"
1,16,"7Networks_LH_Vis_16","L",584,0,0,FALSE,FALSE,FALSE,FALSE,"other_hemisphere"
1,17,"7Networks_LH_Vis_17","L",1017,0,0,FALSE,FALSE,FALSE,FALSE,"other_hemisphere"
1,18,"7Networks_LH_Vis_18","L",572,0,0,FALSE,FALSE,FALSE,FALSE,"other_hemisphere"
1,19,"7Networks_LH_Vis_19","L",711,0,0,FALSE,FALSE,FALSE,FALSE,"other_hemisphere"
1,20,"7Networks_LH_Vis_20","L",559,0,0,FALSE,FALSE,FALSE,FALSE,"other_hemisphere"
1,21,"7Networks_LH_Vis_21","L",944,0,0,FALSE,FALSE,FALSE,FALSE,"other_hemisphere"
1,22,"7Networks_LH_Vis_22","L",606,0,0,FALSE,FALSE,FALSE,FALSE,"other_hemisphere"
1,23,"7Networks_LH_Vis_23","L",1206,0,0,FALSE,FALSE,FALSE,FALSE,"other_hemisphere"
1,24,"7Networks_LH_Vis_24","L",1178,0,0,FALSE,FALSE,FALSE,FALSE,"other_hemisphere"
1,25,"7Networks_LH_Vis_25","L",803,0,0,FALSE,FALSE,FALSE,FALSE,"other_hemisphere"
1,26,"7Networks_LH_Vis_26","L",930,0,0,FALSE,FALSE,FALSE,FALSE,"other_hemisphere"
1,27,"7Networks_LH_Vis_27","L",1664,0,0,FALSE,FALSE,FALSE,FALSE,"other_hemisphere"
1,28,"7Networks_LH_Vis_28","L",2475,0,0,FALSE,FALSE,FALSE,FALSE,"other_hemisphere"
1,29,"7Networks_LH_Vis_29","L",1600,0,0,FALSE,FALSE,FALSE,FALSE,"other_hemisphere"
1,30,"7Networks_LH_Vis_30","L",1173,0,0,FALSE,FALSE,FALSE,FALSE,"other_hemisphere"
1,31,"7Networks_LH_Vis_31","L",641,0,0,FALSE,FALSE,FALSE,FALSE,"other_hemisphere"
1,32,"7Networks_LH_Vis_32","L",386,0,0,FALSE,FALSE,FALSE,FALSE,"other_hemisphere"
1,33,"7Networks_LH_Vis_33","L",927,0,0,FALSE,FALSE,FALSE,FALSE,"other_hemisphere"
1,34,"7Networks_LH_Vis_34","L",1174,0,0,FALSE,FALSE,FALSE,FALSE,"other_hemisphere"
1,35,"7Networks_LH_Vis_35","L",775,0,0,FALSE,FALSE,FALSE,FALSE,"other_hemisphere"
1,36,"7Networks_LH_Vis_36","L",1218,0,0,FALSE,FALSE,FALSE,FALSE,"other_hemisphere"
1,37,"7Networks_LH_Vis_37","L",494,0,0,FALSE,FALSE,FALSE,FALSE,"other_hemisphere"
1,38,"7Networks_LH_Vis_38","L",1161,0,0,FALSE,FALSE,FALSE,FALSE,"other_hemisphere"
1,39,"7Networks_LH_Vis_39","L",989,0,0,FALSE,FALSE,FALSE,FALSE,"other_hemisphere"
1,40,"7Networks_LH_Vis_40","L",739,0,0,FALSE,FALSE,FALSE,FALSE,"other_hemisphere"
1,41,"7Networks_LH_Vis_41","L",479,0,0,FALSE,FALSE,FALSE,FALSE,"other_hemisphere"
1,42,"7Networks_LH_Vis_42","L",1324,0,0,FALSE,FALSE,FALSE,FALSE,"other_hemisphere"
1,43,"7Networks_LH_Vis_43","L",1362,0,0,FALSE,FALSE,FALSE,FALSE,"other_hemisphere"
1,44,"7Networks_LH_Vis_44","L",1353,0,0,FALSE,FALSE,FALSE,FALSE,"other_hemisphere"
1,45,"7Networks_LH_Vis_45","L",594,0,0,FALSE,FALSE,FALSE,FALSE,"other_hemisphere"
1,46,"7Networks_LH_Vis_46","L",625,0,0,FALSE,FALSE,FALSE,FALSE,"other_hemisphere"
1,47,"7Networks_LH_Vis_47","L",975,0,0,FALSE,FALSE,FALSE,FALSE,"other_hemisphere"
1,48,"7Networks_LH_Vis_48","L",367,0,0,FALSE,FALSE,FALSE,FALSE,"other_hemisphere"
1,49,"7Networks_LH_Vis_49","L",2167,0,0,FALSE,FALSE,FALSE,FALSE,"other_hemisphere"
1,50,"7Networks_LH_Vis_50","L",430,0,0,FALSE,FALSE,FALSE,FALSE,"other_hemisphere"
1,51,"7Networks_LH_Vis_51","L",864,0,0,FALSE,FALSE,FALSE,FALSE,"other_hemisphere"
1,52,"7Networks_LH_Vis_52","L",683,0,0,FALSE,FALSE,FALSE,FALSE,"other_hemisphere"
1,53,"7Networks_LH_Vis_53","L",1712,0,0,FALSE,FALSE,FALSE,FALSE,"other_hemisphere"
1,54,"7Networks_LH_Vis_54","L",1438,0,0,FALSE,FALSE,FALSE,FALSE,"other_hemisphere"
1,55,"7Networks_LH_Vis_55","L",183,0,0,FALSE,FALSE,FALSE,FALSE,"other_hemisphere"
1,56,"7Networks_LH_Vis_56","L",1136,0,0,FALSE,FALSE,FALSE,FALSE,"other_hemisphere"
1,57,"7Networks_LH_Vis_57","L",541,0,0,FALSE,FALSE,FALSE,FALSE,"other_hemisphere"
1,58,"7Networks_LH_Vis_58","L",1270,0,0,FALSE,FALSE,FALSE,FALSE,"other_hemisphere"
1,59,"7Networks_LH_Vis_59","L",249,0,0,FALSE,FALSE,FALSE,FALSE,"other_hemisphere"
1,60,"7Networks_LH_Vis_60","L",862,10,3,FALSE,FALSE,FALSE,TRUE,"other_hemisphere"
1,61,"7Networks_LH_Vis_61","L",1857,0,0,FALSE,FALSE,FALSE,FALSE,"other_hemisphere"
1,62,"7Networks_LH_Vis_62","L",1481,0,0,FALSE,FALSE,FALSE,FALSE,"other_hemisphere"
1,63,"7Networks_LH_Vis_63","L",288,0,0,FALSE,FALSE,FALSE,FALSE,"other_hemisphere"
1,64,"7Networks_LH_Vis_64","L",936,0,0,FALSE,FALSE,FALSE,FALSE,"other_hemisphere"
1,65,"7Networks_LH_Vis_65","L",402,0,0,FALSE,FALSE,FALSE,FALSE,"other_hemisphere"
1,66,"7Networks_LH_Vis_66","L",525,0,0,FALSE,FALSE,FALSE,FALSE,"other_hemisphere"
1,67,"7Networks_LH_Vis_67","L",1198,0,0,FALSE,FALSE,FALSE,FALSE,"other_hemisphere"
1,68,"7Networks_LH_Vis_68","L",925,0,0,FALSE,FALSE,FALSE,FALSE,"other_hemisphere"
1,69,"7Networks_LH_Vis_69","L",583,0,0,FALSE,FALSE,FALSE,FALSE,"other_hemisphere"
1,70,"7Networks_LH_Vis_70","L",1470,0,0,FALSE,FALSE,FALSE,FALSE,"other_hemisphere"
1,71,"7Networks_LH_Vis_71","L",1061,0,0,FALSE,FALSE,FALSE,FALSE,"other_hemisphere"
1,72,"7Networks_LH_Vis_72","L",1026,0,0,FALSE,FALSE,FALSE,FALSE,"other_hemisphere"
1,73,"7Networks_LH_Vis_73","L",1311,0,0,FALSE,FALSE,FALSE,FALSE,"other_hemisphere"
1,74,"7Networks_LH_Vis_74","L",926,0,0,FALSE,FALSE,FALSE,FALSE,"other_hemisphere"
1,75,"7Networks_LH_Vis_75","L",953,0,0,FALSE,FALSE,FALSE,FALSE,"other_hemisphere"
1,76,"7Networks_LH_Vis_76","L",1346,0,0,FALSE,FALSE,FALSE,FALSE,"other_hemisphere"
1,77,"7Networks_LH_Vis_77","L",785,0,0,FALSE,FALSE,FALSE,FALSE,"other_hemisphere"
1,78,"7Networks_LH_Vis_78","L",1160,0,0,FALSE,FALSE,FALSE,FALSE,"other_hemisphere"
1,79,"7Networks_LH_Vis_79","L",909,0,0,FALSE,FALSE,FALSE,FALSE,"other_hemisphere"
1,80,"7Networks_LH_Vis_80","L",737,0,0,FALSE,FALSE,FALSE,FALSE,"other_hemisphere"
1,81,"7Networks_LH_Vis_81","L",868,0,0,FALSE,FALSE,FALSE,FALSE,"other_hemisphere"
1,82,"7Networks_LH_SomMot_1","L",1639,0,0,FALSE,FALSE,FALSE,FALSE,"other_hemisphere"
1,83,"7Networks_LH_SomMot_2","L",1730,0,0,FALSE,FALSE,FALSE,FALSE,"other_hemisphere"
1,84,"7Networks_LH_SomMot_3","L",528,0,0,FALSE,FALSE,FALSE,FALSE,"other_hemisphere"
1,85,"7Networks_LH_SomMot_4","L",569,0,0,FALSE,FALSE,FALSE,FALSE,"other_hemisphere"
1,86,"7Networks_LH_SomMot_5","L",616,0,0,FALSE,FALSE,FALSE,FALSE,"other_hemisphere"
1,87,"7Networks_LH_SomMot_6","L",969,0,0,FALSE,FALSE,FALSE,FALSE,"other_hemisphere"
1,88,"7Networks_LH_SomMot_7","L",777,0,0,FALSE,FALSE,FALSE,FALSE,"other_hemisphere"
1,89,"7Networks_LH_SomMot_8","L",1158,0,0,FALSE,FALSE,FALSE,FALSE,"other_hemisphere"
1,90,"7Networks_LH_SomMot_9","L",1363,0,0,FALSE,FALSE,FALSE,FALSE,"other_hemisphere"
1,91,"7Networks_LH_SomMot_10","L",491,0,0,FALSE,FALSE,FALSE,FALSE,"other_hemisphere"
1,92,"7Networks_LH_SomMot_11","L",613,0,0,FALSE,FALSE,FALSE,FALSE,"other_hemisphere"
1,93,"7Networks_LH_SomMot_12","L",563,0,0,FALSE,FALSE,FALSE,FALSE,"other_hemisphere"
1,94,"7Networks_LH_SomMot_13","L",1003,0,0,FALSE,FALSE,FALSE,FALSE,"other_hemisphere"
1,95,"7Networks_LH_SomMot_14","L",593,0,0,FALSE,FALSE,FALSE,FALSE,"other_hemisphere"
1,96,"7Networks_LH_SomMot_15","L",503,0,0,FALSE,FALSE,FALSE,FALSE,"other_hemisphere"
1,97,"7Networks_LH_SomMot_16","L",295,0,0,FALSE,FALSE,FALSE,FALSE,"other_hemisphere"
1,98,"7Networks_LH_SomMot_17","L",656,0,0,FALSE,FALSE,FALSE,FALSE,"other_hemisphere"
1,99,"7Networks_LH_SomMot_18","L",502,0,0,FALSE,FALSE,FALSE,FALSE,"other_hemisphere"
1,100,"7Networks_LH_SomMot_19","L",620,0,0,FALSE,FALSE,FALSE,FALSE,"other_hemisphere"
1,101,"7Networks_LH_SomMot_20","L",1640,0,0,FALSE,FALSE,FALSE,FALSE,"other_hemisphere"
1,102,"7Networks_LH_SomMot_21","L",931,0,0,FALSE,FALSE,FALSE,FALSE,"other_hemisphere"
1,103,"7Networks_LH_SomMot_22","L",401,0,0,FALSE,FALSE,FALSE,FALSE,"other_hemisphere"
1,104,"7Networks_LH_SomMot_23","L",489,0,0,FALSE,FALSE,FALSE,FALSE,"other_hemisphere"
1,105,"7Networks_LH_SomMot_24","L",799,0,0,FALSE,FALSE,FALSE,FALSE,"other_hemisphere"
1,106,"7Networks_LH_SomMot_25","L",852,0,0,FALSE,FALSE,FALSE,FALSE,"other_hemisphere"
1,107,"7Networks_LH_SomMot_26","L",838,0,0,FALSE,FALSE,FALSE,FALSE,"other_hemisphere"
1,108,"7Networks_LH_SomMot_27","L",892,0,0,FALSE,FALSE,FALSE,FALSE,"other_hemisphere"
1,109,"7Networks_LH_SomMot_28","L",985,0,0,FALSE,FALSE,FALSE,FALSE,"other_hemisphere"
1,110,"7Networks_LH_SomMot_29","L",417,0,0,FALSE,FALSE,FALSE,FALSE,"other_hemisphere"
1,111,"7Networks_LH_SomMot_30","L",877,0,0,FALSE,FALSE,FALSE,FALSE,"other_hemisphere"
1,112,"7Networks_LH_SomMot_31","L",904,0,0,FALSE,FALSE,FALSE,FALSE,"other_hemisphere"
1,113,"7Networks_LH_SomMot_32","L",714,0,0,FALSE,FALSE,FALSE,FALSE,"other_hemisphere"
1,114,"7Networks_LH_SomMot_33","L",770,0,0,FALSE,FALSE,FALSE,FALSE,"other_hemisphere"
1,115,"7Networks_LH_SomMot_34","L",861,0,0,FALSE,FALSE,FALSE,FALSE,"other_hemisphere"
1,116,"7Networks_LH_SomMot_35","L",988,0,0,FALSE,FALSE,FALSE,FALSE,"other_hemisphere"
1,117,"7Networks_LH_SomMot_36","L",1101,0,0,FALSE,FALSE,FALSE,FALSE,"other_hemisphere"
1,118,"7Networks_LH_SomMot_37","L",442,0,0,FALSE,FALSE,FALSE,FALSE,"other_hemisphere"
1,119,"7Networks_LH_SomMot_38","L",943,0,0,FALSE,FALSE,FALSE,FALSE,"other_hemisphere"
1,120,"7Networks_LH_SomMot_39","L",1257,0,0,FALSE,FALSE,FALSE,FALSE,"other_hemisphere"
1,121,"7Networks_LH_SomMot_40","L",1079,0,0,FALSE,FALSE,FALSE,FALSE,"other_hemisphere"
1,122,"7Networks_LH_SomMot_41","L",644,0,0,FALSE,FALSE,FALSE,FALSE,"other_hemisphere"
1,123,"7Networks_LH_SomMot_42","L",1062,0,0,FALSE,FALSE,FALSE,FALSE,"other_hemisphere"
1,124,"7Networks_LH_SomMot_43","L",1470,0,0,FALSE,FALSE,FALSE,FALSE,"other_hemisphere"
1,125,"7Networks_LH_SomMot_44","L",349,0,0,FALSE,FALSE,FALSE,FALSE,"other_hemisphere"
1,126,"7Networks_LH_SomMot_45","L",659,0,0,FALSE,FALSE,FALSE,FALSE,"other_hemisphere"
1,127,"7Networks_LH_SomMot_46","L",406,0,0,FALSE,FALSE,FALSE,FALSE,"other_hemisphere"
1,128,"7Networks_LH_SomMot_47","L",811,0,0,FALSE,FALSE,FALSE,FALSE,"other_hemisphere"
1,129,"7Networks_LH_SomMot_48","L",1279,0,0,FALSE,FALSE,FALSE,FALSE,"other_hemisphere"
1,130,"7Networks_LH_SomMot_49","L",967,0,0,FALSE,FALSE,FALSE,FALSE,"other_hemisphere"
1,131,"7Networks_LH_SomMot_50","L",1305,0,0,FALSE,FALSE,FALSE,FALSE,"other_hemisphere"
1,132,"7Networks_LH_SomMot_51","L",821,0,0,FALSE,FALSE,FALSE,FALSE,"other_hemisphere"
1,133,"7Networks_LH_SomMot_52","L",269,0,0,FALSE,FALSE,FALSE,FALSE,"other_hemisphere"
1,134,"7Networks_LH_SomMot_53","L",597,0,0,FALSE,FALSE,FALSE,FALSE,"other_hemisphere"
1,135,"7Networks_LH_SomMot_54","L",655,0,0,FALSE,FALSE,FALSE,FALSE,"other_hemisphere"
1,136,"7Networks_LH_SomMot_55","L",1285,0,0,FALSE,FALSE,FALSE,FALSE,"other_hemisphere"
1,137,"7Networks_LH_SomMot_56","L",1324,0,0,FALSE,FALSE,FALSE,FALSE,"other_hemisphere"
1,138,"7Networks_LH_SomMot_57","L",1453,0,0,FALSE,FALSE,FALSE,FALSE,"other_hemisphere"
1,139,"7Networks_LH_SomMot_58","L",1068,0,0,FALSE,FALSE,FALSE,FALSE,"other_hemisphere"
1,140,"7Networks_LH_SomMot_59","L",1311,0,0,FALSE,FALSE,FALSE,FALSE,"other_hemisphere"
1,141,"7Networks_LH_SomMot_60","L",747,0,0,FALSE,FALSE,FALSE,FALSE,"other_hemisphere"
1,142,"7Networks_LH_SomMot_61","L",1030,0,0,FALSE,FALSE,FALSE,FALSE,"other_hemisphere"
1,143,"7Networks_LH_SomMot_62","L",795,0,0,FALSE,FALSE,FALSE,FALSE,"other_hemisphere"
1,144,"7Networks_LH_SomMot_63","L",1685,0,0,FALSE,FALSE,FALSE,FALSE,"other_hemisphere"
1,145,"7Networks_LH_SomMot_64","L",1301,0,0,FALSE,FALSE,FALSE,FALSE,"other_hemisphere"
1,146,"7Networks_LH_SomMot_65","L",545,0,0,FALSE,FALSE,FALSE,FALSE,"other_hemisphere"
1,147,"7Networks_LH_SomMot_66","L",1721,0,0,FALSE,FALSE,FALSE,FALSE,"other_hemisphere"
1,148,"7Networks_LH_SomMot_67","L",870,0,0,FALSE,FALSE,FALSE,FALSE,"other_hemisphere"
1,149,"7Networks_LH_SomMot_68","L",911,0,0,FALSE,FALSE,FALSE,FALSE,"other_hemisphere"
1,150,"7Networks_LH_SomMot_69","L",665,0,0,FALSE,FALSE,FALSE,FALSE,"other_hemisphere"
1,151,"7Networks_LH_SomMot_70","L",725,0,0,FALSE,FALSE,FALSE,FALSE,"other_hemisphere"
1,152,"7Networks_LH_SomMot_71","L",634,0,0,FALSE,FALSE,FALSE,FALSE,"other_hemisphere"
1,153,"7Networks_LH_SomMot_72","L",505,0,0,FALSE,FALSE,FALSE,FALSE,"other_hemisphere"
1,154,"7Networks_LH_SomMot_73","L",786,0,0,FALSE,FALSE,FALSE,FALSE,"other_hemisphere"
1,155,"7Networks_LH_SomMot_74","L",269,0,0,FALSE,FALSE,FALSE,FALSE,"other_hemisphere"
1,156,"7Networks_LH_SomMot_75","L",840,0,0,FALSE,FALSE,FALSE,FALSE,"other_hemisphere"
1,157,"7Networks_LH_SomMot_76","L",624,0,0,FALSE,FALSE,FALSE,FALSE,"other_hemisphere"
1,158,"7Networks_LH_SomMot_77","L",953,0,0,FALSE,FALSE,FALSE,FALSE,"other_hemisphere"
1,159,"7Networks_LH_SomMot_78","L",571,0,0,FALSE,FALSE,FALSE,FALSE,"other_hemisphere"
1,160,"7Networks_LH_SomMot_79","L",1081,0,0,FALSE,FALSE,FALSE,FALSE,"other_hemisphere"
1,161,"7Networks_LH_SomMot_80","L",453,0,0,FALSE,FALSE,FALSE,FALSE,"other_hemisphere"
1,162,"7Networks_LH_SomMot_81","L",1112,0,0,FALSE,FALSE,FALSE,FALSE,"other_hemisphere"
1,163,"7Networks_LH_SomMot_82","L",529,0,0,FALSE,FALSE,FALSE,FALSE,"other_hemisphere"
1,164,"7Networks_LH_SomMot_83","L",736,0,0,FALSE,FALSE,FALSE,FALSE,"other_hemisphere"
1,165,"7Networks_LH_SomMot_84","L",1409,0,0,FALSE,FALSE,FALSE,FALSE,"other_hemisphere"
1,166,"7Networks_LH_SomMot_85","L",725,0,0,FALSE,FALSE,FALSE,FALSE,"other_hemisphere"
1,167,"7Networks_LH_SomMot_86","L",914,0,0,FALSE,FALSE,FALSE,FALSE,"other_hemisphere"
1,168,"7Networks_LH_SomMot_87","L",805,0,0,FALSE,FALSE,FALSE,FALSE,"other_hemisphere"
1,169,"7Networks_LH_SomMot_88","L",679,0,0,FALSE,FALSE,FALSE,FALSE,"other_hemisphere"
1,170,"7Networks_LH_SomMot_89","L",1003,0,0,FALSE,FALSE,FALSE,FALSE,"other_hemisphere"
1,171,"7Networks_LH_SomMot_90","L",901,0,0,FALSE,FALSE,FALSE,FALSE,"other_hemisphere"
1,172,"7Networks_LH_SomMot_91","L",633,0,0,FALSE,FALSE,FALSE,FALSE,"other_hemisphere"
1,173,"7Networks_LH_DorsAttn_Post_1","L",1527,0,0,FALSE,FALSE,FALSE,FALSE,"other_hemisphere"
1,174,"7Networks_LH_DorsAttn_Post_2","L",1714,0,0,FALSE,FALSE,FALSE,FALSE,"other_hemisphere"
1,175,"7Networks_LH_DorsAttn_Post_3","L",1327,0,0,FALSE,FALSE,FALSE,FALSE,"other_hemisphere"
1,176,"7Networks_LH_DorsAttn_Post_4","L",1242,0,0,FALSE,FALSE,FALSE,FALSE,"other_hemisphere"
1,177,"7Networks_LH_DorsAttn_Post_5","L",1274,0,0,FALSE,FALSE,FALSE,FALSE,"other_hemisphere"
1,178,"7Networks_LH_DorsAttn_Post_6","L",2495,0,0,FALSE,FALSE,FALSE,FALSE,"other_hemisphere"
1,179,"7Networks_LH_DorsAttn_Post_7","L",800,0,0,FALSE,FALSE,FALSE,FALSE,"other_hemisphere"
1,180,"7Networks_LH_DorsAttn_Post_8","L",535,0,0,FALSE,FALSE,FALSE,FALSE,"other_hemisphere"
1,181,"7Networks_LH_DorsAttn_Post_9","L",1126,0,0,FALSE,FALSE,FALSE,FALSE,"other_hemisphere"
1,182,"7Networks_LH_DorsAttn_Post_10","L",1130,0,0,FALSE,FALSE,FALSE,FALSE,"other_hemisphere"
1,183,"7Networks_LH_DorsAttn_Post_11","L",920,0,0,FALSE,FALSE,FALSE,FALSE,"other_hemisphere"
1,184,"7Networks_LH_DorsAttn_Post_12","L",802,0,0,FALSE,FALSE,FALSE,FALSE,"other_hemisphere"
1,185,"7Networks_LH_DorsAttn_Post_13","L",778,0,0,FALSE,FALSE,FALSE,FALSE,"other_hemisphere"
1,186,"7Networks_LH_DorsAttn_Post_14","L",509,0,0,FALSE,FALSE,FALSE,FALSE,"other_hemisphere"
1,187,"7Networks_LH_DorsAttn_Post_15","L",1170,0,0,FALSE,FALSE,FALSE,FALSE,"other_hemisphere"
1,188,"7Networks_LH_DorsAttn_Post_16","L",1064,0,0,FALSE,FALSE,FALSE,FALSE,"other_hemisphere"
1,189,"7Networks_LH_DorsAttn_Post_17","L",625,0,0,FALSE,FALSE,FALSE,FALSE,"other_hemisphere"
1,190,"7Networks_LH_DorsAttn_Post_18","L",360,0,0,FALSE,FALSE,FALSE,FALSE,"other_hemisphere"
1,191,"7Networks_LH_DorsAttn_Post_19","L",511,0,0,FALSE,FALSE,FALSE,FALSE,"other_hemisphere"
1,192,"7Networks_LH_DorsAttn_Post_20","L",659,0,0,FALSE,FALSE,FALSE,FALSE,"other_hemisphere"
1,193,"7Networks_LH_DorsAttn_Post_21","L",1174,0,0,FALSE,FALSE,FALSE,FALSE,"other_hemisphere"
1,194,"7Networks_LH_DorsAttn_Post_22","L",921,0,0,FALSE,FALSE,FALSE,FALSE,"other_hemisphere"
1,195,"7Networks_LH_DorsAttn_Post_23","L",839,0,0,FALSE,FALSE,FALSE,FALSE,"other_hemisphere"
1,196,"7Networks_LH_DorsAttn_Post_24","L",1084,0,0,FALSE,FALSE,FALSE,FALSE,"other_hemisphere"
1,197,"7Networks_LH_DorsAttn_Post_25","L",1031,0,0,FALSE,FALSE,FALSE,FALSE,"other_hemisphere"
1,198,"7Networks_LH_DorsAttn_Post_26","L",796,0,0,FALSE,FALSE,FALSE,FALSE,"other_hemisphere"
1,199,"7Networks_LH_DorsAttn_Post_27","L",1050,0,0,FALSE,FALSE,FALSE,FALSE,"other_hemisphere"
1,200,"7Networks_LH_DorsAttn_Post_28","L",1115,0,0,FALSE,FALSE,FALSE,FALSE,"other_hemisphere"
1,201,"7Networks_LH_DorsAttn_Post_29","L",902,0,0,FALSE,FALSE,FALSE,FALSE,"other_hemisphere"
1,202,"7Networks_LH_DorsAttn_Post_30","L",553,0,0,FALSE,FALSE,FALSE,FALSE,"other_hemisphere"
1,203,"7Networks_LH_DorsAttn_Post_31","L",593,0,0,FALSE,FALSE,FALSE,FALSE,"other_hemisphere"
1,204,"7Networks_LH_DorsAttn_Post_32","L",907,0,0,FALSE,FALSE,FALSE,FALSE,"other_hemisphere"
1,205,"7Networks_LH_DorsAttn_Post_33","L",318,0,0,FALSE,FALSE,FALSE,FALSE,"other_hemisphere"
1,206,"7Networks_LH_DorsAttn_Post_34","L",617,0,0,FALSE,FALSE,FALSE,FALSE,"other_hemisphere"
1,207,"7Networks_LH_DorsAttn_Post_35","L",1098,0,0,FALSE,FALSE,FALSE,FALSE,"other_hemisphere"
1,208,"7Networks_LH_DorsAttn_Post_36","L",699,0,0,FALSE,FALSE,FALSE,FALSE,"other_hemisphere"
1,209,"7Networks_LH_DorsAttn_Post_37","L",369,0,0,FALSE,FALSE,FALSE,FALSE,"other_hemisphere"
1,210,"7Networks_LH_DorsAttn_Post_38","L",1289,0,0,FALSE,FALSE,FALSE,FALSE,"other_hemisphere"
1,211,"7Networks_LH_DorsAttn_Post_39","L",705,0,0,FALSE,FALSE,FALSE,FALSE,"other_hemisphere"
1,212,"7Networks_LH_DorsAttn_Post_40","L",1165,0,0,FALSE,FALSE,FALSE,FALSE,"other_hemisphere"
1,213,"7Networks_LH_DorsAttn_Post_41","L",720,0,0,FALSE,FALSE,FALSE,FALSE,"other_hemisphere"
1,214,"7Networks_LH_DorsAttn_Post_42","L",650,0,0,FALSE,FALSE,FALSE,FALSE,"other_hemisphere"
1,215,"7Networks_LH_DorsAttn_Post_43","L",649,0,0,FALSE,FALSE,FALSE,FALSE,"other_hemisphere"
1,216,"7Networks_LH_DorsAttn_Post_44","L",895,0,0,FALSE,FALSE,FALSE,FALSE,"other_hemisphere"
1,217,"7Networks_LH_DorsAttn_Post_45","L",1048,0,0,FALSE,FALSE,FALSE,FALSE,"other_hemisphere"
1,218,"7Networks_LH_DorsAttn_Post_46","L",671,0,0,FALSE,FALSE,FALSE,FALSE,"other_hemisphere"
1,219,"7Networks_LH_DorsAttn_Post_47","L",761,0,0,FALSE,FALSE,FALSE,FALSE,"other_hemisphere"
1,220,"7Networks_LH_DorsAttn_Post_48","L",1079,0,0,FALSE,FALSE,FALSE,FALSE,"other_hemisphere"
1,221,"7Networks_LH_DorsAttn_Post_49","L",760,0,0,FALSE,FALSE,FALSE,FALSE,"other_hemisphere"
1,222,"7Networks_LH_DorsAttn_Post_50","L",1187,0,0,FALSE,FALSE,FALSE,FALSE,"other_hemisphere"
1,223,"7Networks_LH_DorsAttn_FEF_1","L",1398,0,0,FALSE,FALSE,FALSE,FALSE,"other_hemisphere"
1,224,"7Networks_LH_DorsAttn_FEF_2","L",1368,0,0,FALSE,FALSE,FALSE,FALSE,"other_hemisphere"
1,225,"7Networks_LH_DorsAttn_FEF_3","L",1673,0,0,FALSE,FALSE,FALSE,FALSE,"other_hemisphere"
1,226,"7Networks_LH_DorsAttn_FEF_4","L",1140,0,0,FALSE,FALSE,FALSE,FALSE,"other_hemisphere"
1,227,"7Networks_LH_DorsAttn_FEF_5","L",2178,0,0,FALSE,FALSE,FALSE,FALSE,"other_hemisphere"
1,228,"7Networks_LH_DorsAttn_FEF_6","L",919,0,0,FALSE,FALSE,FALSE,FALSE,"other_hemisphere"
1,229,"7Networks_LH_DorsAttn_FEF_7","L",1391,0,0,FALSE,FALSE,FALSE,FALSE,"other_hemisphere"
1,230,"7Networks_LH_DorsAttn_PrCv_1","L",1129,0,0,FALSE,FALSE,FALSE,FALSE,"other_hemisphere"
1,231,"7Networks_LH_DorsAttn_PrCv_2","L",620,0,0,FALSE,FALSE,FALSE,FALSE,"other_hemisphere"
1,232,"7Networks_LH_DorsAttn_PrCv_3","L",358,0,0,FALSE,FALSE,FALSE,FALSE,"other_hemisphere"
1,233,"7Networks_LH_DorsAttn_PrCv_4","L",1104,0,0,FALSE,FALSE,FALSE,FALSE,"other_hemisphere"
1,234,"7Networks_LH_SalVentAttn_ParOper_1","L",908,0,0,FALSE,FALSE,FALSE,FALSE,"other_hemisphere"
1,235,"7Networks_LH_SalVentAttn_ParOper_2","L",1263,0,0,FALSE,FALSE,FALSE,FALSE,"other_hemisphere"
1,236,"7Networks_LH_SalVentAttn_ParOper_3","L",1109,0,0,FALSE,FALSE,FALSE,FALSE,"other_hemisphere"
1,237,"7Networks_LH_SalVentAttn_ParOper_4","L",740,0,0,FALSE,FALSE,FALSE,FALSE,"other_hemisphere"
1,238,"7Networks_LH_SalVentAttn_ParOper_5","L",1531,0,0,FALSE,FALSE,FALSE,FALSE,"other_hemisphere"
1,239,"7Networks_LH_SalVentAttn_ParOper_6","L",888,0,0,FALSE,FALSE,FALSE,FALSE,"other_hemisphere"
1,240,"7Networks_LH_SalVentAttn_ParOper_7","L",1484,0,0,FALSE,FALSE,FALSE,FALSE,"other_hemisphere"
1,241,"7Networks_LH_SalVentAttn_ParOper_8","L",1682,0,0,FALSE,FALSE,FALSE,FALSE,"other_hemisphere"
1,242,"7Networks_LH_SalVentAttn_ParOper_9","L",1627,0,0,FALSE,FALSE,FALSE,FALSE,"other_hemisphere"
1,243,"7Networks_LH_SalVentAttn_TempOcc_1","L",957,0,0,FALSE,FALSE,FALSE,FALSE,"other_hemisphere"
1,244,"7Networks_LH_SalVentAttn_TempOcc_2","L",551,0,0,FALSE,FALSE,FALSE,FALSE,"other_hemisphere"
1,245,"7Networks_LH_SalVentAttn_FrOperIns_1","L",109,0,0,FALSE,FALSE,FALSE,FALSE,"other_hemisphere"
1,246,"7Networks_LH_SalVentAttn_FrOperIns_2","L",1675,0,0,FALSE,FALSE,FALSE,FALSE,"other_hemisphere"
1,247,"7Networks_LH_SalVentAttn_FrOperIns_3","L",635,0,0,FALSE,FALSE,FALSE,FALSE,"other_hemisphere"
1,248,"7Networks_LH_SalVentAttn_FrOperIns_4","L",520,0,0,FALSE,FALSE,FALSE,FALSE,"other_hemisphere"
1,249,"7Networks_LH_SalVentAttn_FrOperIns_5","L",537,0,0,FALSE,FALSE,FALSE,FALSE,"other_hemisphere"
1,250,"7Networks_LH_SalVentAttn_FrOperIns_6","L",606,0,0,FALSE,FALSE,FALSE,FALSE,"other_hemisphere"
1,251,"7Networks_LH_SalVentAttn_FrOperIns_7","L",850,0,0,FALSE,FALSE,FALSE,FALSE,"other_hemisphere"
1,252,"7Networks_LH_SalVentAttn_FrOperIns_8","L",1296,0,0,FALSE,FALSE,FALSE,FALSE,"other_hemisphere"
1,253,"7Networks_LH_SalVentAttn_FrOperIns_9","L",1417,0,0,FALSE,FALSE,FALSE,FALSE,"other_hemisphere"
1,254,"7Networks_LH_SalVentAttn_FrOperIns_10","L",566,0,0,FALSE,FALSE,FALSE,FALSE,"other_hemisphere"
1,255,"7Networks_LH_SalVentAttn_FrOperIns_11","L",634,0,0,FALSE,FALSE,FALSE,FALSE,"other_hemisphere"
1,256,"7Networks_LH_SalVentAttn_FrOperIns_12","L",805,0,0,FALSE,FALSE,FALSE,FALSE,"other_hemisphere"
1,257,"7Networks_LH_SalVentAttn_FrOperIns_13","L",657,0,0,FALSE,FALSE,FALSE,FALSE,"other_hemisphere"
1,258,"7Networks_LH_SalVentAttn_FrOperIns_14","L",636,0,0,FALSE,FALSE,FALSE,FALSE,"other_hemisphere"
1,259,"7Networks_LH_SalVentAttn_FrOperIns_15","L",259,0,0,FALSE,FALSE,FALSE,FALSE,"other_hemisphere"
1,260,"7Networks_LH_SalVentAttn_FrOperIns_16","L",606,0,0,FALSE,FALSE,FALSE,FALSE,"other_hemisphere"
1,261,"7Networks_LH_SalVentAttn_FrOperIns_17","L",489,0,0,FALSE,FALSE,FALSE,FALSE,"other_hemisphere"
1,262,"7Networks_LH_SalVentAttn_FrOperIns_18","L",752,0,0,FALSE,FALSE,FALSE,FALSE,"other_hemisphere"
1,263,"7Networks_LH_SalVentAttn_FrOperIns_19","L",875,0,0,FALSE,FALSE,FALSE,FALSE,"other_hemisphere"
1,264,"7Networks_LH_SalVentAttn_FrOperIns_20","L",742,0,0,FALSE,FALSE,FALSE,FALSE,"other_hemisphere"
1,265,"7Networks_LH_SalVentAttn_FrOperIns_21","L",574,0,0,FALSE,FALSE,FALSE,FALSE,"other_hemisphere"
1,266,"7Networks_LH_SalVentAttn_FrOperIns_22","L",1013,0,0,FALSE,FALSE,FALSE,FALSE,"other_hemisphere"
1,267,"7Networks_LH_SalVentAttn_FrOperIns_23","L",525,0,0,FALSE,FALSE,FALSE,FALSE,"other_hemisphere"
1,268,"7Networks_LH_SalVentAttn_PFCl_1","L",2860,0,0,FALSE,FALSE,FALSE,FALSE,"other_hemisphere"
1,269,"7Networks_LH_SalVentAttn_PFCl_2","L",1008,0,0,FALSE,FALSE,FALSE,FALSE,"other_hemisphere"
1,270,"7Networks_LH_SalVentAttn_Med_1","L",1445,0,0,FALSE,FALSE,FALSE,FALSE,"other_hemisphere"
1,271,"7Networks_LH_SalVentAttn_Med_2","L",1327,0,0,FALSE,FALSE,FALSE,FALSE,"other_hemisphere"
1,272,"7Networks_LH_SalVentAttn_Med_3","L",827,0,0,FALSE,FALSE,FALSE,FALSE,"other_hemisphere"
1,273,"7Networks_LH_SalVentAttn_Med_4","L",1106,0,0,FALSE,FALSE,FALSE,FALSE,"other_hemisphere"
1,274,"7Networks_LH_SalVentAttn_Med_5","L",488,0,0,FALSE,FALSE,FALSE,FALSE,"other_hemisphere"
1,275,"7Networks_LH_SalVentAttn_Med_6","L",1758,0,0,FALSE,FALSE,FALSE,FALSE,"other_hemisphere"
1,276,"7Networks_LH_SalVentAttn_Med_7","L",764,0,0,FALSE,FALSE,FALSE,FALSE,"other_hemisphere"
1,277,"7Networks_LH_SalVentAttn_Med_8","L",760,0,0,FALSE,FALSE,FALSE,FALSE,"other_hemisphere"
1,278,"7Networks_LH_SalVentAttn_Med_9","L",625,0,0,FALSE,FALSE,FALSE,FALSE,"other_hemisphere"
1,279,"7Networks_LH_SalVentAttn_Med_10","L",1639,0,0,FALSE,FALSE,FALSE,FALSE,"other_hemisphere"
1,280,"7Networks_LH_SalVentAttn_Med_11","L",637,0,0,FALSE,FALSE,FALSE,FALSE,"other_hemisphere"
1,281,"7Networks_LH_SalVentAttn_Med_12","L",607,0,0,FALSE,FALSE,FALSE,FALSE,"other_hemisphere"
1,282,"7Networks_LH_SalVentAttn_Med_13","L",660,0,0,FALSE,FALSE,FALSE,FALSE,"other_hemisphere"
1,283,"7Networks_LH_SalVentAttn_Med_14","L",548,0,0,FALSE,FALSE,FALSE,FALSE,"other_hemisphere"
1,284,"7Networks_LH_SalVentAttn_Med_15","L",660,0,0,FALSE,FALSE,FALSE,FALSE,"other_hemisphere"
1,285,"7Networks_LH_SalVentAttn_Med_16","L",631,0,0,FALSE,FALSE,FALSE,FALSE,"other_hemisphere"
1,286,"7Networks_LH_SalVentAttn_Med_17","L",639,0,0,FALSE,FALSE,FALSE,FALSE,"other_hemisphere"
1,287,"7Networks_LH_SalVentAttn_Med_18","L",465,0,0,FALSE,FALSE,FALSE,FALSE,"other_hemisphere"
1,288,"7Networks_LH_SalVentAttn_Med_19","L",1385,0,0,FALSE,FALSE,FALSE,FALSE,"other_hemisphere"
1,289,"7Networks_LH_Limbic_OFC_1","L",822,0,0,FALSE,FALSE,FALSE,FALSE,"other_hemisphere"
1,290,"7Networks_LH_Limbic_OFC_2","L",954,0,0,FALSE,FALSE,FALSE,FALSE,"other_hemisphere"
1,291,"7Networks_LH_Limbic_OFC_3","L",866,0,0,FALSE,FALSE,FALSE,FALSE,"other_hemisphere"
1,292,"7Networks_LH_Limbic_OFC_4","L",730,0,0,FALSE,FALSE,FALSE,FALSE,"other_hemisphere"
1,293,"7Networks_LH_Limbic_OFC_5","L",922,0,0,FALSE,FALSE,FALSE,FALSE,"other_hemisphere"
1,294,"7Networks_LH_Limbic_OFC_6","L",892,0,0,FALSE,FALSE,FALSE,FALSE,"other_hemisphere"
1,295,"7Networks_LH_Limbic_OFC_7","L",2291,0,0,FALSE,FALSE,FALSE,FALSE,"other_hemisphere"
1,296,"7Networks_LH_Limbic_OFC_8","L",2072,0,0,FALSE,FALSE,FALSE,FALSE,"other_hemisphere"
1,297,"7Networks_LH_Limbic_OFC_9","L",1636,0,0,FALSE,FALSE,FALSE,FALSE,"other_hemisphere"
1,298,"7Networks_LH_Limbic_OFC_10","L",1861,0,0,FALSE,FALSE,FALSE,FALSE,"other_hemisphere"
1,299,"7Networks_LH_Limbic_OFC_11","L",1155,0,0,FALSE,FALSE,FALSE,FALSE,"other_hemisphere"
1,300,"7Networks_LH_Limbic_OFC_12","L",425,0,0,FALSE,FALSE,FALSE,FALSE,"other_hemisphere"
1,301,"7Networks_LH_Limbic_OFC_13","L",1434,0,0,FALSE,FALSE,FALSE,FALSE,"other_hemisphere"
1,302,"7Networks_LH_Limbic_OFC_14","L",1886,0,0,FALSE,FALSE,FALSE,FALSE,"other_hemisphere"
1,303,"7Networks_LH_Limbic_TempPole_1","L",3980,0,0,FALSE,FALSE,FALSE,FALSE,"other_hemisphere"
1,304,"7Networks_LH_Limbic_TempPole_2","L",1922,0,0,FALSE,FALSE,FALSE,FALSE,"other_hemisphere"
1,305,"7Networks_LH_Limbic_TempPole_3","L",1125,0,0,FALSE,FALSE,FALSE,FALSE,"other_hemisphere"
1,306,"7Networks_LH_Limbic_TempPole_4","L",1598,0,0,FALSE,FALSE,FALSE,FALSE,"other_hemisphere"
1,307,"7Networks_LH_Limbic_TempPole_5","L",1732,0,0,FALSE,FALSE,FALSE,FALSE,"other_hemisphere"
1,308,"7Networks_LH_Limbic_TempPole_6","L",492,0,0,FALSE,FALSE,FALSE,FALSE,"other_hemisphere"
1,309,"7Networks_LH_Limbic_TempPole_7","L",1895,0,0,FALSE,FALSE,FALSE,FALSE,"other_hemisphere"
1,310,"7Networks_LH_Limbic_TempPole_8","L",3986,0,0,FALSE,FALSE,FALSE,FALSE,"other_hemisphere"
1,311,"7Networks_LH_Limbic_TempPole_9","L",2242,0,0,FALSE,FALSE,FALSE,FALSE,"other_hemisphere"
1,312,"7Networks_LH_Limbic_TempPole_10","L",952,0,0,FALSE,FALSE,FALSE,FALSE,"other_hemisphere"
1,313,"7Networks_LH_Limbic_TempPole_11","L",1765,0,0,FALSE,FALSE,FALSE,FALSE,"other_hemisphere"
1,314,"7Networks_LH_Limbic_TempPole_12","L",1383,0,0,FALSE,FALSE,FALSE,FALSE,"other_hemisphere"
1,315,"7Networks_LH_Limbic_TempPole_13","L",1341,0,0,FALSE,FALSE,FALSE,FALSE,"other_hemisphere"
1,316,"7Networks_LH_Limbic_TempPole_14","L",954,0,0,FALSE,FALSE,FALSE,FALSE,"other_hemisphere"
1,317,"7Networks_LH_Limbic_TempPole_15","L",1516,0,0,FALSE,FALSE,FALSE,FALSE,"other_hemisphere"
1,318,"7Networks_LH_Cont_Par_1","L",1365,0,0,FALSE,FALSE,FALSE,FALSE,"other_hemisphere"
1,319,"7Networks_LH_Cont_Par_2","L",1039,0,0,FALSE,FALSE,FALSE,FALSE,"other_hemisphere"
1,320,"7Networks_LH_Cont_Par_3","L",565,0,0,FALSE,FALSE,FALSE,FALSE,"other_hemisphere"
1,321,"7Networks_LH_Cont_Par_4","L",1073,0,0,FALSE,FALSE,FALSE,FALSE,"other_hemisphere"
1,322,"7Networks_LH_Cont_Par_5","L",873,0,0,FALSE,FALSE,FALSE,FALSE,"other_hemisphere"
1,323,"7Networks_LH_Cont_Par_6","L",698,0,0,FALSE,FALSE,FALSE,FALSE,"other_hemisphere"
1,324,"7Networks_LH_Cont_Par_7","L",519,0,0,FALSE,FALSE,FALSE,FALSE,"other_hemisphere"
1,325,"7Networks_LH_Cont_Par_8","L",746,0,0,FALSE,FALSE,FALSE,FALSE,"other_hemisphere"
1,326,"7Networks_LH_Cont_Par_9","L",876,0,0,FALSE,FALSE,FALSE,FALSE,"other_hemisphere"
1,327,"7Networks_LH_Cont_Par_10","L",701,0,0,FALSE,FALSE,FALSE,FALSE,"other_hemisphere"
1,328,"7Networks_LH_Cont_Par_11","L",762,0,0,FALSE,FALSE,FALSE,FALSE,"other_hemisphere"
1,329,"7Networks_LH_Cont_Par_12","L",397,0,0,FALSE,FALSE,FALSE,FALSE,"other_hemisphere"
1,330,"7Networks_LH_Cont_Par_13","L",743,0,0,FALSE,FALSE,FALSE,FALSE,"other_hemisphere"
1,331,"7Networks_LH_Cont_Par_14","L",1031,0,0,FALSE,FALSE,FALSE,FALSE,"other_hemisphere"
1,332,"7Networks_LH_Cont_Par_15","L",703,0,0,FALSE,FALSE,FALSE,FALSE,"other_hemisphere"
1,333,"7Networks_LH_Cont_Temp_1","L",1821,0,0,FALSE,FALSE,FALSE,FALSE,"other_hemisphere"
1,334,"7Networks_LH_Cont_Temp_2","L",1606,0,0,FALSE,FALSE,FALSE,FALSE,"other_hemisphere"
1,335,"7Networks_LH_Cont_Temp_3","L",1608,0,0,FALSE,FALSE,FALSE,FALSE,"other_hemisphere"
1,336,"7Networks_LH_Cont_Temp_4","L",1041,0,0,FALSE,FALSE,FALSE,FALSE,"other_hemisphere"
1,337,"7Networks_LH_Cont_PFCd_1","L",741,0,0,FALSE,FALSE,FALSE,FALSE,"other_hemisphere"
1,338,"7Networks_LH_Cont_PFCl_1","L",2217,0,0,FALSE,FALSE,FALSE,FALSE,"other_hemisphere"
1,339,"7Networks_LH_Cont_PFCl_2","L",1111,0,0,FALSE,FALSE,FALSE,FALSE,"other_hemisphere"
1,340,"7Networks_LH_Cont_PFCl_3","L",1961,0,0,FALSE,FALSE,FALSE,FALSE,"other_hemisphere"
1,341,"7Networks_LH_Cont_PFCl_4","L",1363,0,0,FALSE,FALSE,FALSE,FALSE,"other_hemisphere"
1,342,"7Networks_LH_Cont_PFCl_5","L",2159,0,0,FALSE,FALSE,FALSE,FALSE,"other_hemisphere"
1,343,"7Networks_LH_Cont_PFCl_6","L",2051,0,0,FALSE,FALSE,FALSE,FALSE,"other_hemisphere"
1,344,"7Networks_LH_Cont_PFCl_7","L",1364,0,0,FALSE,FALSE,FALSE,FALSE,"other_hemisphere"
1,345,"7Networks_LH_Cont_PFCl_8","L",1303,0,0,FALSE,FALSE,FALSE,FALSE,"other_hemisphere"
1,346,"7Networks_LH_Cont_PFCl_9","L",2642,0,0,FALSE,FALSE,FALSE,FALSE,"other_hemisphere"
1,347,"7Networks_LH_Cont_PFCl_10","L",1462,0,0,FALSE,FALSE,FALSE,FALSE,"other_hemisphere"
1,348,"7Networks_LH_Cont_PFCl_11","L",872,0,0,FALSE,FALSE,FALSE,FALSE,"other_hemisphere"
1,349,"7Networks_LH_Cont_PFCl_12","L",1983,0,0,FALSE,FALSE,FALSE,FALSE,"other_hemisphere"
1,350,"7Networks_LH_Cont_PFCl_13","L",684,0,0,FALSE,FALSE,FALSE,FALSE,"other_hemisphere"
1,351,"7Networks_LH_Cont_PFCl_14","L",2114,0,0,FALSE,FALSE,FALSE,FALSE,"other_hemisphere"
1,352,"7Networks_LH_Cont_PFCl_15","L",1501,0,0,FALSE,FALSE,FALSE,FALSE,"other_hemisphere"
1,353,"7Networks_LH_Cont_PFCl_16","L",993,0,0,FALSE,FALSE,FALSE,FALSE,"other_hemisphere"
1,354,"7Networks_LH_Cont_PFCl_17","L",1764,0,0,FALSE,FALSE,FALSE,FALSE,"other_hemisphere"
1,355,"7Networks_LH_Cont_PFCl_18","L",512,0,0,FALSE,FALSE,FALSE,FALSE,"other_hemisphere"
1,356,"7Networks_LH_Cont_PFCl_19","L",2423,0,0,FALSE,FALSE,FALSE,FALSE,"other_hemisphere"
1,357,"7Networks_LH_Cont_PFCl_20","L",976,0,0,FALSE,FALSE,FALSE,FALSE,"other_hemisphere"
1,358,"7Networks_LH_Cont_OFC_1","L",1698,0,0,FALSE,FALSE,FALSE,FALSE,"other_hemisphere"
1,359,"7Networks_LH_Cont_PFCv_1","L",1166,0,0,FALSE,FALSE,FALSE,FALSE,"other_hemisphere"
1,360,"7Networks_LH_Cont_PFCv_2","L",603,0,0,FALSE,FALSE,FALSE,FALSE,"other_hemisphere"
1,361,"7Networks_LH_Cont_pCun_1","L",929,0,0,FALSE,FALSE,FALSE,FALSE,"other_hemisphere"
1,362,"7Networks_LH_Cont_pCun_2","L",1040,0,0,FALSE,FALSE,FALSE,FALSE,"other_hemisphere"
1,363,"7Networks_LH_Cont_pCun_3","L",525,0,0,FALSE,FALSE,FALSE,FALSE,"other_hemisphere"
1,364,"7Networks_LH_Cont_pCun_4","L",826,0,0,FALSE,FALSE,FALSE,FALSE,"other_hemisphere"
1,365,"7Networks_LH_Cont_Cing_1","L",368,0,0,FALSE,FALSE,FALSE,FALSE,"other_hemisphere"
1,366,"7Networks_LH_Cont_Cing_2","L",276,0,0,FALSE,FALSE,FALSE,FALSE,"other_hemisphere"
1,367,"7Networks_LH_Cont_Cing_3","L",350,0,0,FALSE,FALSE,FALSE,FALSE,"other_hemisphere"
1,368,"7Networks_LH_Cont_Cing_4","L",316,0,0,FALSE,FALSE,FALSE,FALSE,"other_hemisphere"
1,369,"7Networks_LH_Cont_Cing_5","L",396,0,0,FALSE,FALSE,FALSE,FALSE,"other_hemisphere"
1,370,"7Networks_LH_Cont_Cing_6","L",327,0,0,FALSE,FALSE,FALSE,FALSE,"other_hemisphere"
1,371,"7Networks_LH_Cont_Cing_7","L",212,0,0,FALSE,FALSE,FALSE,FALSE,"other_hemisphere"
1,372,"7Networks_LH_Cont_Cing_8","L",317,0,0,FALSE,FALSE,FALSE,FALSE,"other_hemisphere"
1,373,"7Networks_LH_Cont_PFCmp_1","L",1811,0,0,FALSE,FALSE,FALSE,FALSE,"other_hemisphere"
1,374,"7Networks_LH_Cont_PFCmp_2","L",745,0,0,FALSE,FALSE,FALSE,FALSE,"other_hemisphere"
1,375,"7Networks_LH_Default_Par_1","L",601,0,0,FALSE,FALSE,FALSE,FALSE,"other_hemisphere"
1,376,"7Networks_LH_Default_Par_2","L",461,0,0,FALSE,FALSE,FALSE,FALSE,"other_hemisphere"
1,377,"7Networks_LH_Default_Par_3","L",644,0,0,FALSE,FALSE,FALSE,FALSE,"other_hemisphere"
1,378,"7Networks_LH_Default_Par_4","L",1216,0,0,FALSE,FALSE,FALSE,FALSE,"other_hemisphere"
1,379,"7Networks_LH_Default_Par_5","L",1013,0,0,FALSE,FALSE,FALSE,FALSE,"other_hemisphere"
1,380,"7Networks_LH_Default_Par_6","L",804,0,0,FALSE,FALSE,FALSE,FALSE,"other_hemisphere"
1,381,"7Networks_LH_Default_Par_7","L",741,0,0,FALSE,FALSE,FALSE,FALSE,"other_hemisphere"
1,382,"7Networks_LH_Default_Par_8","L",933,0,0,FALSE,FALSE,FALSE,FALSE,"other_hemisphere"
1,383,"7Networks_LH_Default_Par_9","L",1112,0,0,FALSE,FALSE,FALSE,FALSE,"other_hemisphere"
1,384,"7Networks_LH_Default_Par_10","L",556,0,0,FALSE,FALSE,FALSE,FALSE,"other_hemisphere"
1,385,"7Networks_LH_Default_Par_11","L",782,0,0,FALSE,FALSE,FALSE,FALSE,"other_hemisphere"
1,386,"7Networks_LH_Default_Par_12","L",1477,0,0,FALSE,FALSE,FALSE,FALSE,"other_hemisphere"
1,387,"7Networks_LH_Default_Par_13","L",1079,0,0,FALSE,FALSE,FALSE,FALSE,"other_hemisphere"
1,388,"7Networks_LH_Default_Par_14","L",1511,0,0,FALSE,FALSE,FALSE,FALSE,"other_hemisphere"
1,389,"7Networks_LH_Default_Par_15","L",1106,0,0,FALSE,FALSE,FALSE,FALSE,"other_hemisphere"
1,390,"7Networks_LH_Default_Par_16","L",635,0,0,FALSE,FALSE,FALSE,FALSE,"other_hemisphere"
1,391,"7Networks_LH_Default_Par_17","L",877,0,0,FALSE,FALSE,FALSE,FALSE,"other_hemisphere"
1,392,"7Networks_LH_Default_Par_18","L",1148,0,0,FALSE,FALSE,FALSE,FALSE,"other_hemisphere"
1,393,"7Networks_LH_Default_Par_19","L",725,0,0,FALSE,FALSE,FALSE,FALSE,"other_hemisphere"
1,394,"7Networks_LH_Default_Temp_1","L",2163,0,0,FALSE,FALSE,FALSE,FALSE,"other_hemisphere"
1,395,"7Networks_LH_Default_Temp_2","L",2120,0,0,FALSE,FALSE,FALSE,FALSE,"other_hemisphere"
1,396,"7Networks_LH_Default_Temp_3","L",1774,0,0,FALSE,FALSE,FALSE,FALSE,"other_hemisphere"
1,397,"7Networks_LH_Default_Temp_4","L",1886,0,0,FALSE,FALSE,FALSE,FALSE,"other_hemisphere"
1,398,"7Networks_LH_Default_Temp_5","L",1312,0,0,FALSE,FALSE,FALSE,FALSE,"other_hemisphere"
1,399,"7Networks_LH_Default_Temp_6","L",2895,0,0,FALSE,FALSE,FALSE,FALSE,"other_hemisphere"
1,400,"7Networks_LH_Default_Temp_7","L",1389,0,0,FALSE,FALSE,FALSE,FALSE,"other_hemisphere"
1,401,"7Networks_LH_Default_Temp_8","L",1740,0,0,FALSE,FALSE,FALSE,FALSE,"other_hemisphere"
1,402,"7Networks_LH_Default_Temp_9","L",2928,0,0,FALSE,FALSE,FALSE,FALSE,"other_hemisphere"
1,403,"7Networks_LH_Default_Temp_10","L",899,0,0,FALSE,FALSE,FALSE,FALSE,"other_hemisphere"
1,404,"7Networks_LH_Default_Temp_11","L",1572,0,0,FALSE,FALSE,FALSE,FALSE,"other_hemisphere"
1,405,"7Networks_LH_Default_Temp_12","L",1188,0,0,FALSE,FALSE,FALSE,FALSE,"other_hemisphere"
1,406,"7Networks_LH_Default_Temp_13","L",874,0,0,FALSE,FALSE,FALSE,FALSE,"other_hemisphere"
1,407,"7Networks_LH_Default_Temp_14","L",958,0,0,FALSE,FALSE,FALSE,FALSE,"other_hemisphere"
1,408,"7Networks_LH_Default_Temp_15","L",1557,0,0,FALSE,FALSE,FALSE,FALSE,"other_hemisphere"
1,409,"7Networks_LH_Default_Temp_16","L",1009,0,0,FALSE,FALSE,FALSE,FALSE,"other_hemisphere"
1,410,"7Networks_LH_Default_Temp_17","L",717,0,0,FALSE,FALSE,FALSE,FALSE,"other_hemisphere"
1,411,"7Networks_LH_Default_Temp_18","L",1275,0,0,FALSE,FALSE,FALSE,FALSE,"other_hemisphere"
1,412,"7Networks_LH_Default_Temp_19","L",578,0,0,FALSE,FALSE,FALSE,FALSE,"other_hemisphere"
1,413,"7Networks_LH_Default_Temp_20","L",1098,0,0,FALSE,FALSE,FALSE,FALSE,"other_hemisphere"
1,414,"7Networks_LH_Default_Temp_21","L",799,0,0,FALSE,FALSE,FALSE,FALSE,"other_hemisphere"
1,415,"7Networks_LH_Default_Temp_22","L",959,0,0,FALSE,FALSE,FALSE,FALSE,"other_hemisphere"
1,416,"7Networks_LH_Default_PFC_1","L",599,0,0,FALSE,FALSE,FALSE,FALSE,"other_hemisphere"
1,417,"7Networks_LH_Default_PFC_2","L",252,0,0,FALSE,FALSE,FALSE,FALSE,"other_hemisphere"
1,418,"7Networks_LH_Default_PFC_3","L",1434,0,0,FALSE,FALSE,FALSE,FALSE,"other_hemisphere"
1,419,"7Networks_LH_Default_PFC_4","L",3084,0,0,FALSE,FALSE,FALSE,FALSE,"other_hemisphere"
1,420,"7Networks_LH_Default_PFC_5","L",2090,0,0,FALSE,FALSE,FALSE,FALSE,"other_hemisphere"
1,421,"7Networks_LH_Default_PFC_6","L",2036,0,0,FALSE,FALSE,FALSE,FALSE,"other_hemisphere"
1,422,"7Networks_LH_Default_PFC_7","L",3080,0,0,FALSE,FALSE,FALSE,FALSE,"other_hemisphere"
1,423,"7Networks_LH_Default_PFC_8","L",1875,0,0,FALSE,FALSE,FALSE,FALSE,"other_hemisphere"
1,424,"7Networks_LH_Default_PFC_9","L",244,0,0,FALSE,FALSE,FALSE,FALSE,"other_hemisphere"
1,425,"7Networks_LH_Default_PFC_10","L",1170,0,0,FALSE,FALSE,FALSE,FALSE,"other_hemisphere"
1,426,"7Networks_LH_Default_PFC_11","L",1200,0,0,FALSE,FALSE,FALSE,FALSE,"other_hemisphere"
1,427,"7Networks_LH_Default_PFC_12","L",1092,0,0,FALSE,FALSE,FALSE,FALSE,"other_hemisphere"
1,428,"7Networks_LH_Default_PFC_13","L",607,0,0,FALSE,FALSE,FALSE,FALSE,"other_hemisphere"
1,429,"7Networks_LH_Default_PFC_14","L",2008,0,0,FALSE,FALSE,FALSE,FALSE,"other_hemisphere"
1,430,"7Networks_LH_Default_PFC_15","L",1111,0,0,FALSE,FALSE,FALSE,FALSE,"other_hemisphere"
1,431,"7Networks_LH_Default_PFC_16","L",1090,0,0,FALSE,FALSE,FALSE,FALSE,"other_hemisphere"
1,432,"7Networks_LH_Default_PFC_17","L",1894,0,0,FALSE,FALSE,FALSE,FALSE,"other_hemisphere"
1,433,"7Networks_LH_Default_PFC_18","L",880,0,0,FALSE,FALSE,FALSE,FALSE,"other_hemisphere"
1,434,"7Networks_LH_Default_PFC_19","L",1913,0,0,FALSE,FALSE,FALSE,FALSE,"other_hemisphere"
1,435,"7Networks_LH_Default_PFC_20","L",3346,0,0,FALSE,FALSE,FALSE,FALSE,"other_hemisphere"
1,436,"7Networks_LH_Default_PFC_21","L",2576,0,0,FALSE,FALSE,FALSE,FALSE,"other_hemisphere"
1,437,"7Networks_LH_Default_PFC_22","L",2176,0,0,FALSE,FALSE,FALSE,FALSE,"other_hemisphere"
1,438,"7Networks_LH_Default_PFC_23","L",449,0,0,FALSE,FALSE,FALSE,FALSE,"other_hemisphere"
1,439,"7Networks_LH_Default_PFC_24","L",796,0,0,FALSE,FALSE,FALSE,FALSE,"other_hemisphere"
1,440,"7Networks_LH_Default_PFC_25","L",880,0,0,FALSE,FALSE,FALSE,FALSE,"other_hemisphere"
1,441,"7Networks_LH_Default_PFC_26","L",1356,0,0,FALSE,FALSE,FALSE,FALSE,"other_hemisphere"
1,442,"7Networks_LH_Default_PFC_27","L",2614,0,0,FALSE,FALSE,FALSE,FALSE,"other_hemisphere"
1,443,"7Networks_LH_Default_PFC_28","L",1678,0,0,FALSE,FALSE,FALSE,FALSE,"other_hemisphere"
1,444,"7Networks_LH_Default_PFC_29","L",2107,0,0,FALSE,FALSE,FALSE,FALSE,"other_hemisphere"
1,445,"7Networks_LH_Default_PFC_30","L",1224,0,0,FALSE,FALSE,FALSE,FALSE,"other_hemisphere"
1,446,"7Networks_LH_Default_PFC_31","L",1627,0,0,FALSE,FALSE,FALSE,FALSE,"other_hemisphere"
1,447,"7Networks_LH_Default_PFC_32","L",1831,0,0,FALSE,FALSE,FALSE,FALSE,"other_hemisphere"
1,448,"7Networks_LH_Default_PFC_33","L",1822,0,0,FALSE,FALSE,FALSE,FALSE,"other_hemisphere"
1,449,"7Networks_LH_Default_PFC_34","L",1633,0,0,FALSE,FALSE,FALSE,FALSE,"other_hemisphere"
1,450,"7Networks_LH_Default_PFC_35","L",1211,0,0,FALSE,FALSE,FALSE,FALSE,"other_hemisphere"
1,451,"7Networks_LH_Default_PFC_36","L",1228,0,0,FALSE,FALSE,FALSE,FALSE,"other_hemisphere"
1,452,"7Networks_LH_Default_PFC_37","L",2316,0,0,FALSE,FALSE,FALSE,FALSE,"other_hemisphere"
1,453,"7Networks_LH_Default_PFC_38","L",1735,0,0,FALSE,FALSE,FALSE,FALSE,"other_hemisphere"
1,454,"7Networks_LH_Default_PFC_39","L",880,0,0,FALSE,FALSE,FALSE,FALSE,"other_hemisphere"
1,455,"7Networks_LH_Default_PFC_40","L",1519,0,0,FALSE,FALSE,FALSE,FALSE,"other_hemisphere"
1,456,"7Networks_LH_Default_PFC_41","L",1982,0,0,FALSE,FALSE,FALSE,FALSE,"other_hemisphere"
1,457,"7Networks_LH_Default_PFC_42","L",2461,0,0,FALSE,FALSE,FALSE,FALSE,"other_hemisphere"
1,458,"7Networks_LH_Default_PFC_43","L",1888,0,0,FALSE,FALSE,FALSE,FALSE,"other_hemisphere"
1,459,"7Networks_LH_Default_PFC_44","L",1400,0,0,FALSE,FALSE,FALSE,FALSE,"other_hemisphere"
1,460,"7Networks_LH_Default_PFC_45","L",923,0,0,FALSE,FALSE,FALSE,FALSE,"other_hemisphere"
1,461,"7Networks_LH_Default_PFC_46","L",1106,0,0,FALSE,FALSE,FALSE,FALSE,"other_hemisphere"
1,462,"7Networks_LH_Default_PFC_47","L",1399,0,0,FALSE,FALSE,FALSE,FALSE,"other_hemisphere"
1,463,"7Networks_LH_Default_PFC_48","L",798,0,0,FALSE,FALSE,FALSE,FALSE,"other_hemisphere"
1,464,"7Networks_LH_Default_PFC_49","L",2071,0,0,FALSE,FALSE,FALSE,FALSE,"other_hemisphere"
1,465,"7Networks_LH_Default_PFC_50","L",1219,0,0,FALSE,FALSE,FALSE,FALSE,"other_hemisphere"
1,466,"7Networks_LH_Default_pCunPCC_1","L",143,0,0,FALSE,FALSE,FALSE,FALSE,"other_hemisphere"
1,467,"7Networks_LH_Default_pCunPCC_2","L",984,0,0,FALSE,FALSE,FALSE,FALSE,"other_hemisphere"
1,468,"7Networks_LH_Default_pCunPCC_3","L",264,0,0,FALSE,FALSE,FALSE,FALSE,"other_hemisphere"
1,469,"7Networks_LH_Default_pCunPCC_4","L",1022,0,0,FALSE,FALSE,FALSE,FALSE,"other_hemisphere"
1,470,"7Networks_LH_Default_pCunPCC_5","L",840,0,0,FALSE,FALSE,FALSE,FALSE,"other_hemisphere"
1,471,"7Networks_LH_Default_pCunPCC_6","L",174,0,0,FALSE,FALSE,FALSE,FALSE,"other_hemisphere"
1,472,"7Networks_LH_Default_pCunPCC_7","L",735,0,0,FALSE,FALSE,FALSE,FALSE,"other_hemisphere"
1,473,"7Networks_LH_Default_pCunPCC_8","L",360,0,0,FALSE,FALSE,FALSE,FALSE,"other_hemisphere"
1,474,"7Networks_LH_Default_pCunPCC_9","L",446,0,0,FALSE,FALSE,FALSE,FALSE,"other_hemisphere"
1,475,"7Networks_LH_Default_pCunPCC_10","L",850,0,0,FALSE,FALSE,FALSE,FALSE,"other_hemisphere"
1,476,"7Networks_LH_Default_pCunPCC_11","L",157,0,0,FALSE,FALSE,FALSE,FALSE,"other_hemisphere"
1,477,"7Networks_LH_Default_pCunPCC_12","L",421,0,0,FALSE,FALSE,FALSE,FALSE,"other_hemisphere"
1,478,"7Networks_LH_Default_pCunPCC_13","L",518,0,0,FALSE,FALSE,FALSE,FALSE,"other_hemisphere"
1,479,"7Networks_LH_Default_pCunPCC_14","L",567,0,0,FALSE,FALSE,FALSE,FALSE,"other_hemisphere"
1,480,"7Networks_LH_Default_pCunPCC_15","L",547,0,0,FALSE,FALSE,FALSE,FALSE,"other_hemisphere"
1,481,"7Networks_LH_Default_pCunPCC_16","L",500,0,0,FALSE,FALSE,FALSE,FALSE,"other_hemisphere"
1,482,"7Networks_LH_Default_pCunPCC_17","L",252,0,0,FALSE,FALSE,FALSE,FALSE,"other_hemisphere"
1,483,"7Networks_LH_Default_pCunPCC_18","L",722,0,0,FALSE,FALSE,FALSE,FALSE,"other_hemisphere"
1,484,"7Networks_LH_Default_pCunPCC_19","L",429,0,0,FALSE,FALSE,FALSE,FALSE,"other_hemisphere"
1,485,"7Networks_LH_Default_pCunPCC_20","L",544,0,0,FALSE,FALSE,FALSE,FALSE,"other_hemisphere"
1,486,"7Networks_LH_Default_pCunPCC_21","L",1050,0,0,FALSE,FALSE,FALSE,FALSE,"other_hemisphere"
1,487,"7Networks_LH_Default_pCunPCC_22","L",348,0,0,FALSE,FALSE,FALSE,FALSE,"other_hemisphere"
1,488,"7Networks_LH_Default_pCunPCC_23","L",490,0,0,FALSE,FALSE,FALSE,FALSE,"other_hemisphere"
1,489,"7Networks_LH_Default_pCunPCC_24","L",475,0,0,FALSE,FALSE,FALSE,FALSE,"other_hemisphere"
1,490,"7Networks_LH_Default_pCunPCC_25","L",519,0,0,FALSE,FALSE,FALSE,FALSE,"other_hemisphere"
1,491,"7Networks_LH_Default_pCunPCC_26","L",562,0,0,FALSE,FALSE,FALSE,FALSE,"other_hemisphere"
1,492,"7Networks_LH_Default_pCunPCC_27","L",812,0,0,FALSE,FALSE,FALSE,FALSE,"other_hemisphere"
1,493,"7Networks_LH_Default_pCunPCC_28","L",522,0,0,FALSE,FALSE,FALSE,FALSE,"other_hemisphere"
1,494,"7Networks_LH_Default_pCunPCC_29","L",924,0,0,FALSE,FALSE,FALSE,FALSE,"other_hemisphere"
1,495,"7Networks_LH_Default_pCunPCC_30","L",481,0,0,FALSE,FALSE,FALSE,FALSE,"other_hemisphere"
1,496,"7Networks_LH_Default_pCunPCC_31","L",1039,0,0,FALSE,FALSE,FALSE,FALSE,"other_hemisphere"
1,497,"7Networks_LH_Default_pCunPCC_32","L",816,0,0,FALSE,FALSE,FALSE,FALSE,"other_hemisphere"
1,498,"7Networks_LH_Default_PHC_1","L",1370,0,0,FALSE,FALSE,FALSE,FALSE,"other_hemisphere"
1,499,"7Networks_LH_Default_PHC_2","L",547,0,0,FALSE,FALSE,FALSE,FALSE,"other_hemisphere"
1,500,"7Networks_LH_Default_PHC_3","L",1241,0,0,FALSE,FALSE,FALSE,FALSE,"other_hemisphere"
1,501,"7Networks_RH_Vis_1","R",2596,586,122,TRUE,FALSE,FALSE,FALSE,"represented"
1,502,"7Networks_RH_Vis_2","R",2428,494,98,TRUE,FALSE,FALSE,FALSE,"represented"
1,503,"7Networks_RH_Vis_3","R",1805,587,138,TRUE,FALSE,FALSE,FALSE,"represented"
1,504,"7Networks_RH_Vis_4","R",520,149,27,TRUE,FALSE,FALSE,FALSE,"represented"
1,505,"7Networks_RH_Vis_5","R",1505,253,43,TRUE,FALSE,FALSE,FALSE,"represented"
1,506,"7Networks_RH_Vis_6","R",1479,501,99,TRUE,FALSE,FALSE,FALSE,"represented"
1,507,"7Networks_RH_Vis_7","R",983,331,67,TRUE,FALSE,FALSE,FALSE,"represented"
1,508,"7Networks_RH_Vis_8","R",1558,535,115,TRUE,FALSE,FALSE,FALSE,"represented"
1,509,"7Networks_RH_Vis_9","R",1498,386,78,TRUE,FALSE,FALSE,FALSE,"represented"
1,510,"7Networks_RH_Vis_10","R",633,215,48,TRUE,FALSE,FALSE,FALSE,"represented"
1,511,"7Networks_RH_Vis_11","R",1485,281,49,TRUE,FALSE,FALSE,FALSE,"represented"
1,512,"7Networks_RH_Vis_12","R",1082,339,62,TRUE,FALSE,FALSE,FALSE,"represented"
1,513,"7Networks_RH_Vis_13","R",858,207,49,TRUE,FALSE,FALSE,FALSE,"represented"
1,514,"7Networks_RH_Vis_14","R",1054,173,44,TRUE,FALSE,FALSE,FALSE,"represented"
1,515,"7Networks_RH_Vis_15","R",1122,261,69,TRUE,FALSE,FALSE,FALSE,"represented"
1,516,"7Networks_RH_Vis_16","R",1564,156,28,TRUE,FALSE,FALSE,FALSE,"represented"
1,517,"7Networks_RH_Vis_17","R",1752,515,86,TRUE,FALSE,FALSE,FALSE,"represented"
1,518,"7Networks_RH_Vis_18","R",1168,240,51,TRUE,FALSE,FALSE,FALSE,"represented"
1,519,"7Networks_RH_Vis_19","R",463,162,34,TRUE,FALSE,FALSE,FALSE,"represented"
1,520,"7Networks_RH_Vis_20","R",775,71,9,TRUE,FALSE,FALSE,FALSE,"represented"
1,521,"7Networks_RH_Vis_21","R",1079,194,45,TRUE,FALSE,FALSE,FALSE,"represented"
1,522,"7Networks_RH_Vis_22","R",788,190,41,TRUE,FALSE,FALSE,FALSE,"represented"
1,523,"7Networks_RH_Vis_23","R",1181,250,59,TRUE,FALSE,FALSE,FALSE,"represented"
1,524,"7Networks_RH_Vis_24","R",1978,445,110,TRUE,FALSE,FALSE,FALSE,"represented"
1,525,"7Networks_RH_Vis_25","R",990,167,25,TRUE,FALSE,FALSE,FALSE,"represented"
1,526,"7Networks_RH_Vis_26","R",955,134,27,TRUE,FALSE,FALSE,FALSE,"represented"
1,527,"7Networks_RH_Vis_27","R",1079,117,17,TRUE,FALSE,FALSE,FALSE,"represented"
1,528,"7Networks_RH_Vis_28","R",955,136,25,TRUE,FALSE,FALSE,FALSE,"represented"
1,529,"7Networks_RH_Vis_29","R",1278,293,38,TRUE,FALSE,FALSE,FALSE,"represented"
1,530,"7Networks_RH_Vis_30","R",1211,239,37,TRUE,FALSE,FALSE,FALSE,"represented"
1,531,"7Networks_RH_Vis_31","R",1549,761,143,TRUE,FALSE,FALSE,FALSE,"represented"
1,532,"7Networks_RH_Vis_32","R",777,202,39,TRUE,FALSE,FALSE,FALSE,"represented"
1,533,"7Networks_RH_Vis_33","R",300,104,20,TRUE,FALSE,FALSE,FALSE,"represented"
1,534,"7Networks_RH_Vis_34","R",1418,376,80,TRUE,FALSE,FALSE,FALSE,"represented"
1,535,"7Networks_RH_Vis_35","R",1231,259,46,TRUE,FALSE,FALSE,FALSE,"represented"
1,536,"7Networks_RH_Vis_36","R",623,89,16,TRUE,FALSE,FALSE,FALSE,"represented"
1,537,"7Networks_RH_Vis_37","R",654,105,14,TRUE,FALSE,FALSE,FALSE,"represented"
1,538,"7Networks_RH_Vis_38","R",1029,314,55,TRUE,FALSE,FALSE,FALSE,"represented"
1,539,"7Networks_RH_Vis_39","R",975,178,31,TRUE,FALSE,FALSE,FALSE,"represented"
1,540,"7Networks_RH_Vis_40","R",590,176,38,TRUE,FALSE,FALSE,FALSE,"represented"
1,541,"7Networks_RH_Vis_41","R",349,154,26,TRUE,FALSE,FALSE,FALSE,"represented"
1,542,"7Networks_RH_Vis_42","R",663,330,54,TRUE,FALSE,FALSE,FALSE,"represented"
1,543,"7Networks_RH_Vis_43","R",796,79,8,TRUE,FALSE,FALSE,FALSE,"represented"
1,544,"7Networks_RH_Vis_44","R",1465,443,90,TRUE,FALSE,FALSE,FALSE,"represented"
1,545,"7Networks_RH_Vis_45","R",1338,278,45,TRUE,FALSE,FALSE,FALSE,"represented"
1,546,"7Networks_RH_Vis_46","R",818,181,25,TRUE,FALSE,FALSE,FALSE,"represented"
1,547,"7Networks_RH_Vis_47","R",1148,450,82,TRUE,FALSE,FALSE,FALSE,"represented"
1,548,"7Networks_RH_Vis_48","R",458,155,25,TRUE,FALSE,FALSE,FALSE,"represented"
1,549,"7Networks_RH_Vis_49","R",1251,311,60,TRUE,FALSE,FALSE,FALSE,"represented"
1,550,"7Networks_RH_Vis_50","R",2152,680,152,TRUE,FALSE,FALSE,FALSE,"represented"
1,551,"7Networks_RH_Vis_51","R",1718,384,72,TRUE,FALSE,FALSE,FALSE,"represented"
1,552,"7Networks_RH_Vis_52","R",1503,319,57,TRUE,FALSE,FALSE,FALSE,"represented"
1,553,"7Networks_RH_Vis_53","R",729,116,15,TRUE,FALSE,FALSE,FALSE,"represented"
1,554,"7Networks_RH_Vis_54","R",631,155,31,TRUE,FALSE,FALSE,FALSE,"represented"
1,555,"7Networks_RH_Vis_55","R",447,115,19,TRUE,FALSE,FALSE,FALSE,"represented"
1,556,"7Networks_RH_Vis_56","R",1117,252,47,TRUE,FALSE,FALSE,FALSE,"represented"
1,557,"7Networks_RH_Vis_57","R",717,316,57,TRUE,FALSE,FALSE,FALSE,"represented"
1,558,"7Networks_RH_Vis_58","R",1198,231,41,TRUE,FALSE,FALSE,FALSE,"represented"
1,559,"7Networks_RH_Vis_59","R",962,274,46,TRUE,FALSE,FALSE,FALSE,"represented"
1,560,"7Networks_RH_Vis_60","R",746,219,42,TRUE,FALSE,FALSE,FALSE,"represented"
1,561,"7Networks_RH_Vis_61","R",1759,322,60,TRUE,FALSE,FALSE,FALSE,"represented"
1,562,"7Networks_RH_Vis_62","R",744,266,56,TRUE,FALSE,FALSE,FALSE,"represented"
1,563,"7Networks_RH_Vis_63","R",618,125,30,TRUE,FALSE,FALSE,FALSE,"represented"
1,564,"7Networks_RH_Vis_64","R",1589,408,80,TRUE,FALSE,FALSE,FALSE,"represented"
1,565,"7Networks_RH_Vis_65","R",1024,248,54,TRUE,FALSE,FALSE,FALSE,"represented"
1,566,"7Networks_RH_Vis_66","R",1441,280,52,TRUE,FALSE,FALSE,FALSE,"represented"
1,567,"7Networks_RH_Vis_67","R",952,227,47,TRUE,FALSE,FALSE,FALSE,"represented"
1,568,"7Networks_RH_Vis_68","R",742,90,21,TRUE,FALSE,FALSE,FALSE,"represented"
1,569,"7Networks_RH_Vis_69","R",867,245,47,TRUE,FALSE,FALSE,FALSE,"represented"
1,570,"7Networks_RH_Vis_70","R",1000,197,38,TRUE,FALSE,FALSE,FALSE,"represented"
1,571,"7Networks_RH_Vis_71","R",1018,232,52,TRUE,FALSE,FALSE,FALSE,"represented"
1,572,"7Networks_RH_Vis_72","R",519,100,14,TRUE,FALSE,FALSE,FALSE,"represented"
1,573,"7Networks_RH_Vis_73","R",1894,460,89,TRUE,FALSE,FALSE,FALSE,"represented"
1,574,"7Networks_RH_Vis_74","R",815,215,46,TRUE,FALSE,FALSE,FALSE,"represented"
1,575,"7Networks_RH_Vis_75","R",1302,180,28,TRUE,FALSE,FALSE,FALSE,"represented"
1,576,"7Networks_RH_Vis_76","R",1180,439,77,TRUE,FALSE,FALSE,FALSE,"represented"
1,577,"7Networks_RH_Vis_77","R",1463,265,51,TRUE,FALSE,FALSE,FALSE,"represented"
1,578,"7Networks_RH_Vis_78","R",1813,467,92,TRUE,FALSE,FALSE,FALSE,"represented"
1,579,"7Networks_RH_Vis_79","R",1160,141,28,TRUE,FALSE,FALSE,FALSE,"represented"
1,580,"7Networks_RH_Vis_80","R",1572,258,58,TRUE,FALSE,FALSE,FALSE,"represented"
1,581,"7Networks_RH_Vis_81","R",412,29,5,TRUE,FALSE,FALSE,FALSE,"represented"
1,582,"7Networks_RH_SomMot_1","R",985,175,32,TRUE,FALSE,FALSE,FALSE,"represented"
1,583,"7Networks_RH_SomMot_2","R",1001,224,44,TRUE,FALSE,FALSE,FALSE,"represented"
1,584,"7Networks_RH_SomMot_3","R",1769,371,70,TRUE,FALSE,FALSE,FALSE,"represented"
1,585,"7Networks_RH_SomMot_4","R",630,171,37,TRUE,FALSE,FALSE,FALSE,"represented"
1,586,"7Networks_RH_SomMot_5","R",219,37,6,TRUE,FALSE,FALSE,FALSE,"represented"
1,587,"7Networks_RH_SomMot_6","R",394,120,25,TRUE,FALSE,FALSE,FALSE,"represented"
1,588,"7Networks_RH_SomMot_7","R",526,149,29,TRUE,FALSE,FALSE,FALSE,"represented"
1,589,"7Networks_RH_SomMot_8","R",527,188,43,TRUE,FALSE,FALSE,FALSE,"represented"
1,590,"7Networks_RH_SomMot_9","R",2877,854,165,TRUE,FALSE,FALSE,FALSE,"represented"
1,591,"7Networks_RH_SomMot_10","R",381,79,11,TRUE,FALSE,FALSE,FALSE,"represented"
1,592,"7Networks_RH_SomMot_11","R",519,328,50,TRUE,FALSE,FALSE,FALSE,"represented"
1,593,"7Networks_RH_SomMot_12","R",1639,477,86,TRUE,FALSE,FALSE,FALSE,"represented"
1,594,"7Networks_RH_SomMot_13","R",802,469,77,TRUE,FALSE,FALSE,FALSE,"represented"
1,595,"7Networks_RH_SomMot_14","R",912,287,54,TRUE,FALSE,FALSE,FALSE,"represented"
1,596,"7Networks_RH_SomMot_15","R",577,259,50,TRUE,FALSE,FALSE,FALSE,"represented"
1,597,"7Networks_RH_SomMot_16","R",423,218,35,TRUE,FALSE,FALSE,FALSE,"represented"
1,598,"7Networks_RH_SomMot_17","R",418,237,45,TRUE,FALSE,FALSE,FALSE,"represented"
1,599,"7Networks_RH_SomMot_18","R",1730,461,107,TRUE,FALSE,FALSE,FALSE,"represented"
1,600,"7Networks_RH_SomMot_19","R",353,333,54,TRUE,FALSE,FALSE,FALSE,"represented"
1,601,"7Networks_RH_SomMot_20","R",512,226,43,TRUE,FALSE,FALSE,FALSE,"represented"
1,602,"7Networks_RH_SomMot_21","R",233,108,23,TRUE,FALSE,FALSE,FALSE,"represented"
1,603,"7Networks_RH_SomMot_22","R",399,364,61,TRUE,FALSE,FALSE,FALSE,"represented"
1,604,"7Networks_RH_SomMot_23","R",1107,429,82,TRUE,FALSE,FALSE,FALSE,"represented"
1,605,"7Networks_RH_SomMot_24","R",885,293,59,TRUE,FALSE,FALSE,FALSE,"represented"
1,606,"7Networks_RH_SomMot_25","R",830,465,87,TRUE,FALSE,FALSE,FALSE,"represented"
1,607,"7Networks_RH_SomMot_26","R",823,513,99,TRUE,FALSE,FALSE,FALSE,"represented"
1,608,"7Networks_RH_SomMot_27","R",656,304,69,TRUE,FALSE,FALSE,FALSE,"represented"
1,609,"7Networks_RH_SomMot_28","R",752,301,63,TRUE,FALSE,FALSE,FALSE,"represented"
1,610,"7Networks_RH_SomMot_29","R",631,234,49,TRUE,FALSE,FALSE,FALSE,"represented"
1,611,"7Networks_RH_SomMot_30","R",1108,372,72,TRUE,FALSE,FALSE,FALSE,"represented"
1,612,"7Networks_RH_SomMot_31","R",492,213,43,TRUE,FALSE,FALSE,FALSE,"represented"
1,613,"7Networks_RH_SomMot_32","R",1091,441,84,TRUE,FALSE,FALSE,FALSE,"represented"
1,614,"7Networks_RH_SomMot_33","R",714,207,44,TRUE,FALSE,FALSE,FALSE,"represented"
1,615,"7Networks_RH_SomMot_34","R",571,152,22,TRUE,FALSE,FALSE,FALSE,"represented"
1,616,"7Networks_RH_SomMot_35","R",1143,336,67,TRUE,FALSE,FALSE,FALSE,"represented"
1,617,"7Networks_RH_SomMot_36","R",1141,442,83,TRUE,FALSE,FALSE,FALSE,"represented"
1,618,"7Networks_RH_SomMot_37","R",524,183,32,TRUE,FALSE,FALSE,FALSE,"represented"
1,619,"7Networks_RH_SomMot_38","R",453,235,43,TRUE,FALSE,FALSE,FALSE,"represented"
1,620,"7Networks_RH_SomMot_39","R",805,329,66,TRUE,FALSE,FALSE,FALSE,"represented"
1,621,"7Networks_RH_SomMot_40","R",946,234,46,TRUE,FALSE,FALSE,FALSE,"represented"
1,622,"7Networks_RH_SomMot_41","R",189,64,11,TRUE,FALSE,FALSE,FALSE,"represented"
1,623,"7Networks_RH_SomMot_42","R",820,420,84,TRUE,FALSE,FALSE,FALSE,"represented"
1,624,"7Networks_RH_SomMot_43","R",433,304,52,TRUE,FALSE,FALSE,FALSE,"represented"
1,625,"7Networks_RH_SomMot_44","R",441,245,49,TRUE,FALSE,FALSE,FALSE,"represented"
1,626,"7Networks_RH_SomMot_45","R",1037,423,95,TRUE,FALSE,FALSE,FALSE,"represented"
1,627,"7Networks_RH_SomMot_46","R",331,69,10,TRUE,FALSE,FALSE,FALSE,"represented"
1,628,"7Networks_RH_SomMot_47","R",950,263,56,TRUE,FALSE,FALSE,FALSE,"represented"
1,629,"7Networks_RH_SomMot_48","R",584,340,77,TRUE,FALSE,FALSE,FALSE,"represented"
1,630,"7Networks_RH_SomMot_49","R",492,328,60,TRUE,FALSE,FALSE,FALSE,"represented"
1,631,"7Networks_RH_SomMot_50","R",514,310,61,TRUE,FALSE,FALSE,FALSE,"represented"
1,632,"7Networks_RH_SomMot_51","R",398,240,48,TRUE,FALSE,FALSE,FALSE,"represented"
1,633,"7Networks_RH_SomMot_52","R",1188,445,87,TRUE,FALSE,FALSE,FALSE,"represented"
1,634,"7Networks_RH_SomMot_53","R",435,187,41,TRUE,FALSE,FALSE,FALSE,"represented"
1,635,"7Networks_RH_SomMot_54","R",780,259,59,TRUE,FALSE,FALSE,FALSE,"represented"
1,636,"7Networks_RH_SomMot_55","R",377,334,67,TRUE,FALSE,FALSE,FALSE,"represented"
1,637,"7Networks_RH_SomMot_56","R",733,167,31,TRUE,FALSE,FALSE,FALSE,"represented"
1,638,"7Networks_RH_SomMot_57","R",733,243,54,TRUE,FALSE,FALSE,FALSE,"represented"
1,639,"7Networks_RH_SomMot_58","R",878,269,47,TRUE,FALSE,FALSE,FALSE,"represented"
1,640,"7Networks_RH_SomMot_59","R",482,330,69,TRUE,FALSE,FALSE,FALSE,"represented"
1,641,"7Networks_RH_SomMot_60","R",494,216,47,TRUE,FALSE,FALSE,FALSE,"represented"
1,642,"7Networks_RH_SomMot_61","R",1042,268,59,TRUE,FALSE,FALSE,FALSE,"represented"
1,643,"7Networks_RH_SomMot_62","R",476,295,66,TRUE,FALSE,FALSE,FALSE,"represented"
1,644,"7Networks_RH_SomMot_63","R",578,141,27,TRUE,FALSE,FALSE,FALSE,"represented"
1,645,"7Networks_RH_SomMot_64","R",1182,296,66,TRUE,FALSE,FALSE,FALSE,"represented"
1,646,"7Networks_RH_SomMot_65","R",335,90,17,TRUE,FALSE,FALSE,FALSE,"represented"
1,647,"7Networks_RH_SomMot_66","R",1450,355,89,TRUE,FALSE,FALSE,FALSE,"represented"
1,648,"7Networks_RH_SomMot_67","R",624,245,52,TRUE,FALSE,FALSE,FALSE,"represented"
1,649,"7Networks_RH_SomMot_68","R",580,261,53,TRUE,FALSE,FALSE,FALSE,"represented"
1,650,"7Networks_RH_SomMot_69","R",349,262,55,TRUE,FALSE,FALSE,FALSE,"represented"
1,651,"7Networks_RH_SomMot_70","R",794,304,62,TRUE,FALSE,FALSE,FALSE,"represented"
1,652,"7Networks_RH_SomMot_71","R",597,407,103,TRUE,FALSE,FALSE,FALSE,"represented"
1,653,"7Networks_RH_SomMot_72","R",209,132,25,TRUE,FALSE,FALSE,FALSE,"represented"
1,654,"7Networks_RH_SomMot_73","R",630,163,34,TRUE,FALSE,FALSE,FALSE,"represented"
1,655,"7Networks_RH_SomMot_74","R",323,114,21,TRUE,FALSE,FALSE,FALSE,"represented"
1,656,"7Networks_RH_SomMot_75","R",1299,242,44,TRUE,FALSE,FALSE,FALSE,"represented"
1,657,"7Networks_RH_SomMot_76","R",1377,302,61,TRUE,FALSE,FALSE,FALSE,"represented"
1,658,"7Networks_RH_SomMot_77","R",1862,627,140,TRUE,FALSE,FALSE,FALSE,"represented"
1,659,"7Networks_RH_SomMot_78","R",874,410,97,TRUE,FALSE,FALSE,FALSE,"represented"
1,660,"7Networks_RH_SomMot_79","R",934,469,97,TRUE,FALSE,FALSE,FALSE,"represented"
1,661,"7Networks_RH_SomMot_80","R",1095,590,127,TRUE,FALSE,FALSE,FALSE,"represented"
1,662,"7Networks_RH_SomMot_81","R",1380,482,87,TRUE,FALSE,FALSE,FALSE,"represented"
1,663,"7Networks_RH_SomMot_82","R",589,289,51,TRUE,FALSE,FALSE,FALSE,"represented"
1,664,"7Networks_RH_SomMot_83","R",421,162,32,TRUE,FALSE,FALSE,FALSE,"represented"
1,665,"7Networks_RH_SomMot_84","R",475,109,18,TRUE,FALSE,FALSE,FALSE,"represented"
1,666,"7Networks_RH_SomMot_85","R",620,286,48,TRUE,FALSE,FALSE,FALSE,"represented"
1,667,"7Networks_RH_SomMot_86","R",821,443,96,TRUE,FALSE,FALSE,FALSE,"represented"
1,668,"7Networks_RH_SomMot_87","R",784,369,86,TRUE,FALSE,FALSE,FALSE,"represented"
1,669,"7Networks_RH_SomMot_88","R",684,349,80,TRUE,FALSE,FALSE,FALSE,"represented"
1,670,"7Networks_RH_SomMot_89","R",374,197,40,TRUE,FALSE,FALSE,FALSE,"represented"
1,671,"7Networks_RH_SomMot_90","R",781,455,81,TRUE,FALSE,FALSE,FALSE,"represented"
1,672,"7Networks_RH_SomMot_91","R",436,61,11,TRUE,FALSE,FALSE,FALSE,"represented"
1,673,"7Networks_RH_SomMot_92","R",1121,325,60,TRUE,FALSE,FALSE,FALSE,"represented"
1,674,"7Networks_RH_SomMot_93","R",399,180,27,TRUE,FALSE,FALSE,FALSE,"represented"
1,675,"7Networks_RH_SomMot_94","R",500,75,14,TRUE,FALSE,FALSE,FALSE,"represented"
1,676,"7Networks_RH_SomMot_95","R",1365,435,61,TRUE,FALSE,FALSE,FALSE,"represented"
1,677,"7Networks_RH_SomMot_96","R",592,215,36,TRUE,FALSE,FALSE,FALSE,"represented"
1,678,"7Networks_RH_SomMot_97","R",552,48,12,TRUE,FALSE,FALSE,FALSE,"represented"
1,679,"7Networks_RH_SomMot_98","R",432,240,51,TRUE,FALSE,FALSE,FALSE,"represented"
1,680,"7Networks_RH_SomMot_99","R",205,52,9,TRUE,FALSE,FALSE,FALSE,"represented"
1,681,"7Networks_RH_SomMot_100","R",390,225,27,TRUE,FALSE,FALSE,FALSE,"represented"
1,682,"7Networks_RH_SomMot_101","R",699,186,29,TRUE,FALSE,FALSE,FALSE,"represented"
1,683,"7Networks_RH_SomMot_102","R",837,405,70,TRUE,FALSE,FALSE,FALSE,"represented"
1,684,"7Networks_RH_SomMot_103","R",619,255,41,TRUE,FALSE,FALSE,FALSE,"represented"
1,685,"7Networks_RH_DorsAttn_Post_1","R",1198,302,58,TRUE,FALSE,FALSE,FALSE,"represented"
1,686,"7Networks_RH_DorsAttn_Post_2","R",750,136,26,TRUE,FALSE,FALSE,FALSE,"represented"
1,687,"7Networks_RH_DorsAttn_Post_3","R",1963,493,94,TRUE,FALSE,FALSE,FALSE,"represented"
1,688,"7Networks_RH_DorsAttn_Post_4","R",1972,455,97,TRUE,FALSE,FALSE,FALSE,"represented"
1,689,"7Networks_RH_DorsAttn_Post_5","R",1595,195,40,TRUE,FALSE,FALSE,FALSE,"represented"
1,690,"7Networks_RH_DorsAttn_Post_6","R",2120,542,111,TRUE,FALSE,FALSE,FALSE,"represented"
1,691,"7Networks_RH_DorsAttn_Post_7","R",722,163,33,TRUE,FALSE,FALSE,FALSE,"represented"
1,692,"7Networks_RH_DorsAttn_Post_8","R",1390,544,97,TRUE,FALSE,FALSE,FALSE,"represented"
1,693,"7Networks_RH_DorsAttn_Post_9","R",1017,200,34,TRUE,FALSE,FALSE,FALSE,"represented"
1,694,"7Networks_RH_DorsAttn_Post_10","R",805,267,46,TRUE,FALSE,FALSE,FALSE,"represented"
1,695,"7Networks_RH_DorsAttn_Post_11","R",1318,274,58,TRUE,FALSE,FALSE,FALSE,"represented"
1,696,"7Networks_RH_DorsAttn_Post_12","R",1859,349,78,TRUE,FALSE,FALSE,FALSE,"represented"
1,697,"7Networks_RH_DorsAttn_Post_13","R",794,236,49,TRUE,FALSE,FALSE,FALSE,"represented"
1,698,"7Networks_RH_DorsAttn_Post_14","R",342,209,43,TRUE,FALSE,FALSE,FALSE,"represented"
1,699,"7Networks_RH_DorsAttn_Post_15","R",1240,399,71,TRUE,FALSE,FALSE,FALSE,"represented"
1,700,"7Networks_RH_DorsAttn_Post_16","R",1353,579,116,TRUE,FALSE,FALSE,FALSE,"represented"
1,701,"7Networks_RH_DorsAttn_Post_17","R",807,354,74,TRUE,FALSE,FALSE,FALSE,"represented"
1,702,"7Networks_RH_DorsAttn_Post_18","R",376,62,13,TRUE,FALSE,FALSE,FALSE,"represented"
1,703,"7Networks_RH_DorsAttn_Post_19","R",827,190,36,TRUE,FALSE,FALSE,FALSE,"represented"
1,704,"7Networks_RH_DorsAttn_Post_20","R",569,34,8,TRUE,FALSE,FALSE,FALSE,"represented"
1,705,"7Networks_RH_DorsAttn_Post_21","R",472,11,2,TRUE,FALSE,FALSE,FALSE,"represented"
1,706,"7Networks_RH_DorsAttn_Post_22","R",690,258,58,TRUE,FALSE,FALSE,FALSE,"represented"
1,707,"7Networks_RH_DorsAttn_Post_23","R",862,492,110,TRUE,FALSE,FALSE,FALSE,"represented"
1,708,"7Networks_RH_DorsAttn_Post_24","R",1059,350,69,TRUE,FALSE,FALSE,FALSE,"represented"
1,709,"7Networks_RH_DorsAttn_Post_25","R",1190,585,114,TRUE,FALSE,FALSE,FALSE,"represented"
1,710,"7Networks_RH_DorsAttn_Post_26","R",417,1,0,TRUE,FALSE,TRUE,FALSE,"lost_resampling"
1,711,"7Networks_RH_DorsAttn_Post_27","R",931,133,26,TRUE,FALSE,FALSE,FALSE,"represented"
1,712,"7Networks_RH_DorsAttn_Post_28","R",691,416,79,TRUE,FALSE,FALSE,FALSE,"represented"
1,713,"7Networks_RH_DorsAttn_Post_29","R",1048,236,49,TRUE,FALSE,FALSE,FALSE,"represented"
1,714,"7Networks_RH_DorsAttn_Post_30","R",446,274,54,TRUE,FALSE,FALSE,FALSE,"represented"
1,715,"7Networks_RH_DorsAttn_Post_31","R",1381,560,111,TRUE,FALSE,FALSE,FALSE,"represented"
1,716,"7Networks_RH_DorsAttn_Post_32","R",1185,191,37,TRUE,FALSE,FALSE,FALSE,"represented"
1,717,"7Networks_RH_DorsAttn_Post_33","R",640,209,40,TRUE,FALSE,FALSE,FALSE,"represented"
1,718,"7Networks_RH_DorsAttn_Post_34","R",955,389,80,TRUE,FALSE,FALSE,FALSE,"represented"
1,719,"7Networks_RH_DorsAttn_Post_35","R",760,626,129,TRUE,FALSE,FALSE,FALSE,"represented"
1,720,"7Networks_RH_DorsAttn_Post_36","R",649,189,40,TRUE,FALSE,FALSE,FALSE,"represented"
1,721,"7Networks_RH_DorsAttn_Post_37","R",1393,357,80,TRUE,FALSE,FALSE,FALSE,"represented"
1,722,"7Networks_RH_DorsAttn_Post_38","R",671,231,39,TRUE,FALSE,FALSE,FALSE,"represented"
1,723,"7Networks_RH_DorsAttn_Post_39","R",1056,313,63,TRUE,FALSE,FALSE,FALSE,"represented"
1,724,"7Networks_RH_DorsAttn_Post_40","R",863,153,24,TRUE,FALSE,FALSE,FALSE,"represented"
1,725,"7Networks_RH_DorsAttn_Post_41","R",993,330,70,TRUE,FALSE,FALSE,FALSE,"represented"
1,726,"7Networks_RH_DorsAttn_Post_42","R",798,137,27,TRUE,FALSE,FALSE,FALSE,"represented"
1,727,"7Networks_RH_DorsAttn_Post_43","R",903,233,52,TRUE,FALSE,FALSE,FALSE,"represented"
1,728,"7Networks_RH_DorsAttn_Post_44","R",975,335,66,TRUE,FALSE,FALSE,FALSE,"represented"
1,729,"7Networks_RH_DorsAttn_Post_45","R",561,49,11,TRUE,FALSE,FALSE,FALSE,"represented"
1,730,"7Networks_RH_DorsAttn_Post_46","R",1894,486,85,TRUE,FALSE,FALSE,FALSE,"represented"
1,731,"7Networks_RH_DorsAttn_Post_47","R",725,316,60,TRUE,FALSE,FALSE,FALSE,"represented"
1,732,"7Networks_RH_DorsAttn_Post_48","R",900,164,31,TRUE,FALSE,FALSE,FALSE,"represented"
1,733,"7Networks_RH_DorsAttn_Post_49","R",718,46,10,TRUE,FALSE,FALSE,FALSE,"represented"
1,734,"7Networks_RH_DorsAttn_Post_50","R",631,278,58,TRUE,FALSE,FALSE,FALSE,"represented"
1,735,"7Networks_RH_DorsAttn_Post_51","R",1126,327,65,TRUE,FALSE,FALSE,FALSE,"represented"
1,736,"7Networks_RH_DorsAttn_Post_52","R",1174,427,101,TRUE,FALSE,FALSE,FALSE,"represented"
1,737,"7Networks_RH_DorsAttn_FEF_1","R",1400,475,93,TRUE,FALSE,FALSE,FALSE,"represented"
1,738,"7Networks_RH_DorsAttn_FEF_2","R",1085,389,79,TRUE,FALSE,FALSE,FALSE,"represented"
1,739,"7Networks_RH_DorsAttn_FEF_3","R",1246,506,95,TRUE,FALSE,FALSE,FALSE,"represented"
1,740,"7Networks_RH_DorsAttn_FEF_4","R",1005,277,52,TRUE,FALSE,FALSE,FALSE,"represented"
1,741,"7Networks_RH_DorsAttn_FEF_5","R",1060,606,109,TRUE,FALSE,FALSE,FALSE,"represented"
1,742,"7Networks_RH_DorsAttn_FEF_6","R",950,318,58,TRUE,FALSE,FALSE,FALSE,"represented"
1,743,"7Networks_RH_DorsAttn_PrCv_1","R",497,86,22,TRUE,FALSE,FALSE,FALSE,"represented"
1,744,"7Networks_RH_DorsAttn_PrCv_2","R",2055,931,174,TRUE,FALSE,FALSE,FALSE,"represented"
1,745,"7Networks_RH_DorsAttn_PrCv_3","R",1324,307,60,TRUE,FALSE,FALSE,FALSE,"represented"
1,746,"7Networks_RH_SalVentAttn_TempOccPar_1","R",1122,162,31,TRUE,FALSE,FALSE,FALSE,"represented"
1,747,"7Networks_RH_SalVentAttn_TempOccPar_2","R",725,223,40,TRUE,FALSE,FALSE,FALSE,"represented"
1,748,"7Networks_RH_SalVentAttn_TempOccPar_3","R",925,215,43,TRUE,FALSE,FALSE,FALSE,"represented"
1,749,"7Networks_RH_SalVentAttn_TempOccPar_4","R",1053,628,114,TRUE,FALSE,FALSE,FALSE,"represented"
1,750,"7Networks_RH_SalVentAttn_TempOccPar_5","R",693,163,33,TRUE,FALSE,FALSE,FALSE,"represented"
1,751,"7Networks_RH_SalVentAttn_TempOccPar_6","R",957,293,63,TRUE,FALSE,FALSE,FALSE,"represented"
1,752,"7Networks_RH_SalVentAttn_TempOccPar_7","R",691,287,71,TRUE,FALSE,FALSE,FALSE,"represented"
1,753,"7Networks_RH_SalVentAttn_TempOccPar_8","R",549,200,41,TRUE,FALSE,FALSE,FALSE,"represented"
1,754,"7Networks_RH_SalVentAttn_TempOccPar_9","R",848,412,82,TRUE,FALSE,FALSE,FALSE,"represented"
1,755,"7Networks_RH_SalVentAttn_TempOccPar_10","R",891,242,53,TRUE,FALSE,FALSE,FALSE,"represented"
1,756,"7Networks_RH_SalVentAttn_TempOccPar_11","R",1164,322,62,TRUE,FALSE,FALSE,FALSE,"represented"
1,757,"7Networks_RH_SalVentAttn_TempOccPar_12","R",314,219,46,TRUE,FALSE,FALSE,FALSE,"represented"
1,758,"7Networks_RH_SalVentAttn_TempOccPar_13","R",1010,329,75,TRUE,FALSE,FALSE,FALSE,"represented"
1,759,"7Networks_RH_SalVentAttn_TempOccPar_14","R",984,356,76,TRUE,FALSE,FALSE,FALSE,"represented"
1,760,"7Networks_RH_SalVentAttn_TempOccPar_15","R",579,237,54,TRUE,FALSE,FALSE,FALSE,"represented"
1,761,"7Networks_RH_SalVentAttn_TempOccPar_16","R",697,265,54,TRUE,FALSE,FALSE,FALSE,"represented"
1,762,"7Networks_RH_SalVentAttn_TempOccPar_17","R",646,166,41,TRUE,FALSE,FALSE,FALSE,"represented"
1,763,"7Networks_RH_SalVentAttn_TempOccPar_18","R",1177,180,33,TRUE,FALSE,FALSE,FALSE,"represented"
1,764,"7Networks_RH_SalVentAttn_PrC_1","R",2054,512,113,TRUE,FALSE,FALSE,FALSE,"represented"
1,765,"7Networks_RH_SalVentAttn_PrC_2","R",330,63,14,TRUE,FALSE,FALSE,FALSE,"represented"
1,766,"7Networks_RH_SalVentAttn_FrOperIns_1","R",389,188,52,TRUE,FALSE,FALSE,FALSE,"represented"
1,767,"7Networks_RH_SalVentAttn_FrOperIns_2","R",661,176,50,TRUE,FALSE,FALSE,FALSE,"represented"
1,768,"7Networks_RH_SalVentAttn_FrOperIns_3","R",1105,286,59,TRUE,FALSE,FALSE,FALSE,"represented"
1,769,"7Networks_RH_SalVentAttn_FrOperIns_4","R",932,410,92,TRUE,FALSE,FALSE,FALSE,"represented"
1,770,"7Networks_RH_SalVentAttn_FrOperIns_5","R",1432,283,65,TRUE,FALSE,FALSE,FALSE,"represented"
1,771,"7Networks_RH_SalVentAttn_FrOperIns_6","R",1111,442,87,TRUE,FALSE,FALSE,FALSE,"represented"
1,772,"7Networks_RH_SalVentAttn_FrOperIns_7","R",491,194,39,TRUE,FALSE,FALSE,FALSE,"represented"
1,773,"7Networks_RH_SalVentAttn_FrOperIns_8","R",1144,599,103,TRUE,FALSE,FALSE,FALSE,"represented"
1,774,"7Networks_RH_SalVentAttn_FrOperIns_9","R",846,275,55,TRUE,FALSE,FALSE,FALSE,"represented"
1,775,"7Networks_RH_SalVentAttn_FrOperIns_10","R",475,225,39,TRUE,FALSE,FALSE,FALSE,"represented"
1,776,"7Networks_RH_SalVentAttn_FrOperIns_11","R",1466,647,118,TRUE,FALSE,FALSE,FALSE,"represented"
1,777,"7Networks_RH_SalVentAttn_FrOperIns_12","R",660,486,75,TRUE,FALSE,FALSE,FALSE,"represented"
1,778,"7Networks_RH_SalVentAttn_FrOperIns_13","R",891,371,69,TRUE,FALSE,FALSE,FALSE,"represented"
1,779,"7Networks_RH_SalVentAttn_FrOperIns_14","R",436,324,53,TRUE,FALSE,FALSE,FALSE,"represented"
1,780,"7Networks_RH_SalVentAttn_FrOperIns_15","R",610,128,26,TRUE,FALSE,FALSE,FALSE,"represented"
1,781,"7Networks_RH_SalVentAttn_FrOperIns_16","R",421,208,39,TRUE,FALSE,FALSE,FALSE,"represented"
1,782,"7Networks_RH_SalVentAttn_FrOperIns_17","R",867,223,51,TRUE,FALSE,FALSE,FALSE,"represented"
1,783,"7Networks_RH_SalVentAttn_FrOperIns_18","R",464,411,70,TRUE,FALSE,FALSE,FALSE,"represented"
1,784,"7Networks_RH_SalVentAttn_FrOperIns_19","R",915,182,39,TRUE,FALSE,FALSE,FALSE,"represented"
1,785,"7Networks_RH_SalVentAttn_FrOperIns_20","R",914,236,58,TRUE,FALSE,FALSE,FALSE,"represented"
1,786,"7Networks_RH_SalVentAttn_FrOperIns_21","R",1261,317,77,TRUE,FALSE,FALSE,FALSE,"represented"
1,787,"7Networks_RH_SalVentAttn_FrOperIns_22","R",878,224,40,TRUE,FALSE,FALSE,FALSE,"represented"
1,788,"7Networks_RH_SalVentAttn_FrOperIns_23","R",964,264,53,TRUE,FALSE,FALSE,FALSE,"represented"
1,789,"7Networks_RH_SalVentAttn_FrOperIns_24","R",661,175,34,TRUE,FALSE,FALSE,FALSE,"represented"
1,790,"7Networks_RH_SalVentAttn_PFCl_1","R",1652,489,98,TRUE,FALSE,FALSE,FALSE,"represented"
1,791,"7Networks_RH_SalVentAttn_PFCl_2","R",2286,407,78,TRUE,FALSE,FALSE,FALSE,"represented"
1,792,"7Networks_RH_SalVentAttn_Med_1","R",1297,294,56,TRUE,FALSE,FALSE,FALSE,"represented"
1,793,"7Networks_RH_SalVentAttn_Med_2","R",916,225,51,TRUE,FALSE,FALSE,FALSE,"represented"
1,794,"7Networks_RH_SalVentAttn_Med_3","R",539,155,36,TRUE,FALSE,FALSE,FALSE,"represented"
1,795,"7Networks_RH_SalVentAttn_Med_4","R",749,245,47,TRUE,FALSE,FALSE,FALSE,"represented"
1,796,"7Networks_RH_SalVentAttn_Med_5","R",2383,821,155,TRUE,FALSE,FALSE,FALSE,"represented"
1,797,"7Networks_RH_SalVentAttn_Med_6","R",384,189,37,TRUE,FALSE,FALSE,FALSE,"represented"
1,798,"7Networks_RH_SalVentAttn_Med_7","R",505,200,40,TRUE,FALSE,FALSE,FALSE,"represented"
1,799,"7Networks_RH_SalVentAttn_Med_8","R",704,297,55,TRUE,FALSE,FALSE,FALSE,"represented"
1,800,"7Networks_RH_SalVentAttn_Med_9","R",321,208,34,TRUE,FALSE,FALSE,FALSE,"represented"
1,801,"7Networks_RH_SalVentAttn_Med_10","R",550,350,60,TRUE,FALSE,FALSE,FALSE,"represented"
1,802,"7Networks_RH_SalVentAttn_Med_11","R",800,237,50,TRUE,FALSE,FALSE,FALSE,"represented"
1,803,"7Networks_RH_SalVentAttn_Med_12","R",384,223,39,TRUE,FALSE,FALSE,FALSE,"represented"
1,804,"7Networks_RH_SalVentAttn_Med_13","R",865,390,77,TRUE,FALSE,FALSE,FALSE,"represented"
1,805,"7Networks_RH_SalVentAttn_Med_14","R",521,301,55,TRUE,FALSE,FALSE,FALSE,"represented"
1,806,"7Networks_RH_SalVentAttn_Med_15","R",932,262,47,TRUE,FALSE,FALSE,FALSE,"represented"
1,807,"7Networks_RH_SalVentAttn_Med_16","R",640,210,43,TRUE,FALSE,FALSE,FALSE,"represented"
1,808,"7Networks_RH_SalVentAttn_Med_17","R",2236,556,119,TRUE,FALSE,FALSE,FALSE,"represented"
1,809,"7Networks_RH_SalVentAttn_Med_18","R",592,204,38,TRUE,FALSE,FALSE,FALSE,"represented"
1,810,"7Networks_RH_SalVentAttn_Med_19","R",1045,300,52,TRUE,FALSE,FALSE,FALSE,"represented"
1,811,"7Networks_RH_SalVentAttn_Med_20","R",1616,460,88,TRUE,FALSE,FALSE,FALSE,"represented"
1,812,"7Networks_RH_Limbic_OFC_1","R",1100,286,45,TRUE,FALSE,FALSE,FALSE,"represented"
1,813,"7Networks_RH_Limbic_OFC_2","R",710,374,65,TRUE,FALSE,FALSE,FALSE,"represented"
1,814,"7Networks_RH_Limbic_OFC_3","R",1035,262,36,TRUE,FALSE,FALSE,FALSE,"represented"
1,815,"7Networks_RH_Limbic_OFC_4","R",833,400,71,TRUE,FALSE,FALSE,FALSE,"represented"
1,816,"7Networks_RH_Limbic_OFC_5","R",1226,424,70,TRUE,FALSE,FALSE,FALSE,"represented"
1,817,"7Networks_RH_Limbic_OFC_6","R",1655,492,97,TRUE,FALSE,FALSE,FALSE,"represented"
1,818,"7Networks_RH_Limbic_OFC_7","R",716,184,34,TRUE,FALSE,FALSE,FALSE,"represented"
1,819,"7Networks_RH_Limbic_OFC_8","R",2064,550,89,TRUE,FALSE,FALSE,FALSE,"represented"
1,820,"7Networks_RH_Limbic_OFC_9","R",854,191,33,TRUE,FALSE,FALSE,FALSE,"represented"
1,821,"7Networks_RH_Limbic_OFC_10","R",1306,312,45,TRUE,FALSE,FALSE,FALSE,"represented"
1,822,"7Networks_RH_Limbic_OFC_11","R",952,187,34,TRUE,FALSE,FALSE,FALSE,"represented"
1,823,"7Networks_RH_Limbic_OFC_12","R",1433,494,80,TRUE,FALSE,FALSE,FALSE,"represented"
1,824,"7Networks_RH_Limbic_OFC_13","R",1823,356,62,TRUE,FALSE,FALSE,FALSE,"represented"
1,825,"7Networks_RH_Limbic_OFC_14","R",2091,370,73,TRUE,FALSE,FALSE,FALSE,"represented"
1,826,"7Networks_RH_Limbic_TempPole_1","R",3130,461,94,TRUE,FALSE,FALSE,FALSE,"represented"
1,827,"7Networks_RH_Limbic_TempPole_2","R",1710,394,77,TRUE,FALSE,FALSE,FALSE,"represented"
1,828,"7Networks_RH_Limbic_TempPole_3","R",3307,415,90,TRUE,FALSE,FALSE,FALSE,"represented"
1,829,"7Networks_RH_Limbic_TempPole_4","R",1858,535,111,TRUE,FALSE,FALSE,FALSE,"represented"
1,830,"7Networks_RH_Limbic_TempPole_5","R",2938,575,126,TRUE,FALSE,FALSE,FALSE,"represented"
1,831,"7Networks_RH_Limbic_TempPole_6","R",359,124,19,TRUE,FALSE,FALSE,FALSE,"represented"
1,832,"7Networks_RH_Limbic_TempPole_7","R",1828,338,57,TRUE,FALSE,FALSE,FALSE,"represented"
1,833,"7Networks_RH_Limbic_TempPole_8","R",1679,327,62,TRUE,FALSE,FALSE,FALSE,"represented"
1,834,"7Networks_RH_Limbic_TempPole_9","R",1034,335,65,TRUE,FALSE,FALSE,FALSE,"represented"
1,835,"7Networks_RH_Limbic_TempPole_10","R",2615,407,78,TRUE,FALSE,FALSE,FALSE,"represented"
1,836,"7Networks_RH_Limbic_TempPole_11","R",985,117,19,TRUE,FALSE,FALSE,FALSE,"represented"
1,837,"7Networks_RH_Limbic_TempPole_12","R",1157,296,56,TRUE,FALSE,FALSE,FALSE,"represented"
1,838,"7Networks_RH_Limbic_TempPole_13","R",821,289,56,TRUE,FALSE,FALSE,FALSE,"represented"
1,839,"7Networks_RH_Limbic_TempPole_14","R",1001,314,71,TRUE,FALSE,FALSE,FALSE,"represented"
1,840,"7Networks_RH_Limbic_TempPole_15","R",1152,334,73,TRUE,FALSE,FALSE,FALSE,"represented"
1,841,"7Networks_RH_Limbic_TempPole_16","R",867,253,54,TRUE,FALSE,FALSE,FALSE,"represented"
1,842,"7Networks_RH_Limbic_TempPole_17","R",897,233,47,TRUE,FALSE,FALSE,FALSE,"represented"
1,843,"7Networks_RH_Cont_Par_1","R",386,151,35,TRUE,FALSE,FALSE,FALSE,"represented"
1,844,"7Networks_RH_Cont_Par_2","R",1009,423,102,TRUE,FALSE,FALSE,FALSE,"represented"
1,845,"7Networks_RH_Cont_Par_3","R",1187,247,61,TRUE,FALSE,FALSE,FALSE,"represented"
1,846,"7Networks_RH_Cont_Par_4","R",670,119,21,TRUE,FALSE,FALSE,FALSE,"represented"
1,847,"7Networks_RH_Cont_Par_5","R",1245,377,72,TRUE,FALSE,FALSE,FALSE,"represented"
1,848,"7Networks_RH_Cont_Par_6","R",833,113,25,TRUE,FALSE,FALSE,FALSE,"represented"
1,849,"7Networks_RH_Cont_Par_7","R",1104,187,48,TRUE,FALSE,FALSE,FALSE,"represented"
1,850,"7Networks_RH_Cont_Par_8","R",605,57,10,TRUE,FALSE,FALSE,FALSE,"represented"
1,851,"7Networks_RH_Cont_Par_9","R",749,221,49,TRUE,FALSE,FALSE,FALSE,"represented"
1,852,"7Networks_RH_Cont_Par_10","R",550,20,4,TRUE,FALSE,FALSE,FALSE,"represented"
1,853,"7Networks_RH_Cont_Par_11","R",390,20,5,TRUE,FALSE,FALSE,FALSE,"represented"
1,854,"7Networks_RH_Cont_Par_12","R",434,171,41,TRUE,FALSE,FALSE,FALSE,"represented"
1,855,"7Networks_RH_Cont_Par_13","R",851,182,33,TRUE,FALSE,FALSE,FALSE,"represented"
1,856,"7Networks_RH_Cont_Par_14","R",935,232,44,TRUE,FALSE,FALSE,FALSE,"represented"
1,857,"7Networks_RH_Cont_Par_15","R",949,348,72,TRUE,FALSE,FALSE,FALSE,"represented"
1,858,"7Networks_RH_Cont_Par_16","R",1099,573,106,TRUE,FALSE,FALSE,FALSE,"represented"
1,859,"7Networks_RH_Cont_Par_17","R",1307,591,113,TRUE,FALSE,FALSE,FALSE,"represented"
1,860,"7Networks_RH_Cont_Temp_1","R",1999,416,85,TRUE,FALSE,FALSE,FALSE,"represented"
1,861,"7Networks_RH_Cont_Temp_2","R",1198,270,52,TRUE,FALSE,FALSE,FALSE,"represented"
1,862,"7Networks_RH_Cont_Temp_3","R",2465,543,115,TRUE,FALSE,FALSE,FALSE,"represented"
1,863,"7Networks_RH_Cont_Temp_4","R",568,129,25,TRUE,FALSE,FALSE,FALSE,"represented"
1,864,"7Networks_RH_Cont_PFCv_1","R",911,378,63,TRUE,FALSE,FALSE,FALSE,"represented"
1,865,"7Networks_RH_Cont_PFCv_2","R",170,66,15,TRUE,FALSE,FALSE,FALSE,"represented"
1,866,"7Networks_RH_Cont_PFCl_1","R",1397,355,71,TRUE,FALSE,FALSE,FALSE,"represented"
1,867,"7Networks_RH_Cont_PFCl_2","R",1635,318,66,TRUE,FALSE,FALSE,FALSE,"represented"
1,868,"7Networks_RH_Cont_PFCl_3","R",2084,234,51,TRUE,FALSE,FALSE,FALSE,"represented"
1,869,"7Networks_RH_Cont_PFCl_4","R",1804,335,67,TRUE,FALSE,FALSE,FALSE,"represented"
1,870,"7Networks_RH_Cont_PFCl_5","R",2062,394,89,TRUE,FALSE,FALSE,FALSE,"represented"
1,871,"7Networks_RH_Cont_PFCl_6","R",2156,400,84,TRUE,FALSE,FALSE,FALSE,"represented"
1,872,"7Networks_RH_Cont_PFCl_7","R",1617,342,68,TRUE,FALSE,FALSE,FALSE,"represented"
1,873,"7Networks_RH_Cont_PFCl_8","R",1940,399,80,TRUE,FALSE,FALSE,FALSE,"represented"
1,874,"7Networks_RH_Cont_PFCl_9","R",2327,515,108,TRUE,FALSE,FALSE,FALSE,"represented"
1,875,"7Networks_RH_Cont_PFCl_10","R",1470,346,66,TRUE,FALSE,FALSE,FALSE,"represented"
1,876,"7Networks_RH_Cont_PFCl_11","R",762,141,31,TRUE,FALSE,FALSE,FALSE,"represented"
1,877,"7Networks_RH_Cont_PFCl_12","R",1640,558,112,TRUE,FALSE,FALSE,FALSE,"represented"
1,878,"7Networks_RH_Cont_PFCl_13","R",1285,214,49,TRUE,FALSE,FALSE,FALSE,"represented"
1,879,"7Networks_RH_Cont_PFCl_14","R",2085,235,47,TRUE,FALSE,FALSE,FALSE,"represented"
1,880,"7Networks_RH_Cont_PFCl_15","R",2256,665,134,TRUE,FALSE,FALSE,FALSE,"represented"
1,881,"7Networks_RH_Cont_PFCl_16","R",706,260,48,TRUE,FALSE,FALSE,FALSE,"represented"
1,882,"7Networks_RH_Cont_PFCl_17","R",2721,475,94,TRUE,FALSE,FALSE,FALSE,"represented"
1,883,"7Networks_RH_Cont_PFCl_18","R",1496,214,40,TRUE,FALSE,FALSE,FALSE,"represented"
1,884,"7Networks_RH_Cont_PFCl_19","R",1756,386,78,TRUE,FALSE,FALSE,FALSE,"represented"
1,885,"7Networks_RH_Cont_PFCl_20","R",1283,181,37,TRUE,FALSE,FALSE,FALSE,"represented"
1,886,"7Networks_RH_Cont_PFCl_21","R",1085,389,74,TRUE,FALSE,FALSE,FALSE,"represented"
1,887,"7Networks_RH_Cont_PFCl_22","R",1479,412,77,TRUE,FALSE,FALSE,FALSE,"represented"
1,888,"7Networks_RH_Cont_PFCl_23","R",1294,543,106,TRUE,FALSE,FALSE,FALSE,"represented"
1,889,"7Networks_RH_Cont_PFCl_24","R",1512,208,39,TRUE,FALSE,FALSE,FALSE,"represented"
1,890,"7Networks_RH_Cont_PFCl_25","R",1950,262,52,TRUE,FALSE,FALSE,FALSE,"represented"
1,891,"7Networks_RH_Cont_PFCl_26","R",839,233,58,TRUE,FALSE,FALSE,FALSE,"represented"
1,892,"7Networks_RH_Cont_PFCl_27","R",2233,392,76,TRUE,FALSE,FALSE,FALSE,"represented"
1,893,"7Networks_RH_Cont_PFCl_28","R",448,106,19,TRUE,FALSE,FALSE,FALSE,"represented"
1,894,"7Networks_RH_Cont_PFCl_29","R",1316,268,65,TRUE,FALSE,FALSE,FALSE,"represented"
1,895,"7Networks_RH_Cont_PFCl_30","R",2572,211,48,TRUE,FALSE,FALSE,FALSE,"represented"
1,896,"7Networks_RH_Cont_PFCl_31","R",1827,479,97,TRUE,FALSE,FALSE,FALSE,"represented"
1,897,"7Networks_RH_Cont_PFCl_32","R",920,468,91,TRUE,FALSE,FALSE,FALSE,"represented"
1,898,"7Networks_RH_Cont_PFCl_33","R",1323,274,60,TRUE,FALSE,FALSE,FALSE,"represented"
1,899,"7Networks_RH_Cont_PFCl_34","R",2099,508,96,TRUE,FALSE,FALSE,FALSE,"represented"
1,900,"7Networks_RH_Cont_pCun_1","R",1667,571,115,TRUE,FALSE,FALSE,FALSE,"represented"
1,901,"7Networks_RH_Cont_pCun_3","R",1371,619,117,TRUE,FALSE,FALSE,FALSE,"represented"
1,902,"7Networks_RH_Cont_pCun_5","R",518,118,23,TRUE,FALSE,FALSE,FALSE,"represented"
1,903,"7Networks_RH_Cont_Cing_1","R",98,67,0,TRUE,FALSE,TRUE,FALSE,"lost_resampling"
1,904,"7Networks_RH_Cont_Cing_2","R",325,216,16,TRUE,FALSE,FALSE,FALSE,"represented"
1,905,"7Networks_RH_Cont_Cing_3","R",610,390,40,TRUE,FALSE,FALSE,FALSE,"represented"
1,906,"7Networks_RH_Cont_Cing_4","R",360,252,20,TRUE,FALSE,FALSE,FALSE,"represented"
1,907,"7Networks_RH_Cont_Cing_5","R",683,434,50,TRUE,FALSE,FALSE,FALSE,"represented"
1,908,"7Networks_RH_Cont_PFCmp_1","R",1618,425,75,TRUE,FALSE,FALSE,FALSE,"represented"
1,909,"7Networks_RH_Cont_PFCmp_2","R",658,259,49,TRUE,FALSE,FALSE,FALSE,"represented"
1,910,"7Networks_RH_Cont_PFCmp_3","R",1254,295,57,TRUE,FALSE,FALSE,FALSE,"represented"
1,911,"7Networks_RH_Cont_PFCmp_4","R",1511,326,56,TRUE,FALSE,FALSE,FALSE,"represented"
1,912,"7Networks_RH_Cont_PFCmp_5","R",1899,481,86,TRUE,FALSE,FALSE,FALSE,"represented"
1,913,"7Networks_RH_Default_Par_1","R",797,232,44,TRUE,FALSE,FALSE,FALSE,"represented"
1,914,"7Networks_RH_Default_Par_2","R",720,231,39,TRUE,FALSE,FALSE,FALSE,"represented"
1,915,"7Networks_RH_Default_Par_3","R",769,211,41,TRUE,FALSE,FALSE,FALSE,"represented"
1,916,"7Networks_RH_Default_Par_4","R",822,501,94,TRUE,FALSE,FALSE,FALSE,"represented"
1,917,"7Networks_RH_Default_Par_5","R",843,324,63,TRUE,FALSE,FALSE,FALSE,"represented"
1,918,"7Networks_RH_Default_Par_6","R",1683,432,94,TRUE,FALSE,FALSE,FALSE,"represented"
1,919,"7Networks_RH_Default_Par_7","R",557,150,34,TRUE,FALSE,FALSE,FALSE,"represented"
1,920,"7Networks_RH_Default_Par_8","R",938,437,85,TRUE,FALSE,FALSE,FALSE,"represented"
1,921,"7Networks_RH_Default_Par_9","R",939,143,24,TRUE,FALSE,FALSE,FALSE,"represented"
1,922,"7Networks_RH_Default_Par_10","R",654,120,30,TRUE,FALSE,FALSE,FALSE,"represented"
1,923,"7Networks_RH_Default_Par_11","R",812,189,33,TRUE,FALSE,FALSE,FALSE,"represented"
1,924,"7Networks_RH_Default_Par_12","R",1238,265,57,TRUE,FALSE,FALSE,FALSE,"represented"
1,925,"7Networks_RH_Default_Par_13","R",1480,347,73,TRUE,FALSE,FALSE,FALSE,"represented"
1,926,"7Networks_RH_Default_Par_14","R",1031,205,40,TRUE,FALSE,FALSE,FALSE,"represented"
1,927,"7Networks_RH_Default_Par_15","R",1210,386,76,TRUE,FALSE,FALSE,FALSE,"represented"
1,928,"7Networks_RH_Default_Par_16","R",623,73,15,TRUE,FALSE,FALSE,FALSE,"represented"
1,929,"7Networks_RH_Default_Temp_1","R",2825,469,98,TRUE,FALSE,FALSE,FALSE,"represented"
1,930,"7Networks_RH_Default_Temp_2","R",611,161,35,TRUE,FALSE,FALSE,FALSE,"represented"
1,931,"7Networks_RH_Default_Temp_3","R",3360,578,122,TRUE,FALSE,FALSE,FALSE,"represented"
1,932,"7Networks_RH_Default_Temp_4","R",1439,273,58,TRUE,FALSE,FALSE,FALSE,"represented"
1,933,"7Networks_RH_Default_Temp_5","R",1542,298,48,TRUE,FALSE,FALSE,FALSE,"represented"
1,934,"7Networks_RH_Default_Temp_6","R",1883,281,67,TRUE,FALSE,FALSE,FALSE,"represented"
1,935,"7Networks_RH_Default_Temp_7","R",1352,302,59,TRUE,FALSE,FALSE,FALSE,"represented"
1,936,"7Networks_RH_Default_Temp_8","R",972,124,25,TRUE,FALSE,FALSE,FALSE,"represented"
1,937,"7Networks_RH_Default_Temp_9","R",1699,433,96,TRUE,FALSE,FALSE,FALSE,"represented"
1,938,"7Networks_RH_Default_Temp_10","R",421,87,17,TRUE,FALSE,FALSE,FALSE,"represented"
1,939,"7Networks_RH_Default_Temp_11","R",872,295,68,TRUE,FALSE,FALSE,FALSE,"represented"
1,940,"7Networks_RH_Default_Temp_12","R",1554,303,55,TRUE,FALSE,FALSE,FALSE,"represented"
1,941,"7Networks_RH_Default_Temp_13","R",743,283,54,TRUE,FALSE,FALSE,FALSE,"represented"
1,942,"7Networks_RH_Default_Temp_14","R",566,172,31,TRUE,FALSE,FALSE,FALSE,"represented"
1,943,"7Networks_RH_Default_Temp_15","R",1384,287,51,TRUE,FALSE,FALSE,FALSE,"represented"
1,944,"7Networks_RH_Default_Temp_16","R",611,325,50,TRUE,FALSE,FALSE,FALSE,"represented"
1,945,"7Networks_RH_Default_Temp_17","R",632,306,47,TRUE,FALSE,FALSE,FALSE,"represented"
1,946,"7Networks_RH_Default_Temp_18","R",777,277,53,TRUE,FALSE,FALSE,FALSE,"represented"
1,947,"7Networks_RH_Default_PFCv_1","R",1081,387,59,TRUE,FALSE,FALSE,FALSE,"represented"
1,948,"7Networks_RH_Default_PFCv_2","R",567,238,40,TRUE,FALSE,FALSE,FALSE,"represented"
1,949,"7Networks_RH_Default_PFCv_3","R",804,141,25,TRUE,FALSE,FALSE,FALSE,"represented"
1,950,"7Networks_RH_Default_PFCv_4","R",1701,535,117,TRUE,FALSE,FALSE,FALSE,"represented"
1,951,"7Networks_RH_Default_PFCv_5","R",1189,221,44,TRUE,FALSE,FALSE,FALSE,"represented"
1,952,"7Networks_RH_Default_PFCv_6","R",1532,196,43,TRUE,FALSE,FALSE,FALSE,"represented"
1,953,"7Networks_RH_Default_PFCv_7","R",609,169,39,TRUE,FALSE,FALSE,FALSE,"represented"
1,954,"7Networks_RH_Default_PFCv_8","R",1411,263,61,TRUE,FALSE,FALSE,FALSE,"represented"
1,955,"7Networks_RH_Default_PFCv_9","R",1601,362,78,TRUE,FALSE,FALSE,FALSE,"represented"
1,956,"7Networks_RH_Default_PFCv_10","R",1715,341,79,TRUE,FALSE,FALSE,FALSE,"represented"
1,957,"7Networks_RH_Default_PFCdPFCm_1","R",2490,576,120,TRUE,FALSE,FALSE,FALSE,"represented"
1,958,"7Networks_RH_Default_PFCdPFCm_2","R",904,319,51,TRUE,FALSE,FALSE,FALSE,"represented"
1,959,"7Networks_RH_Default_PFCdPFCm_3","R",1138,238,52,TRUE,FALSE,FALSE,FALSE,"represented"
1,960,"7Networks_RH_Default_PFCdPFCm_4","R",1469,222,44,TRUE,FALSE,FALSE,FALSE,"represented"
1,961,"7Networks_RH_Default_PFCdPFCm_5","R",497,139,28,TRUE,FALSE,FALSE,FALSE,"represented"
1,962,"7Networks_RH_Default_PFCdPFCm_6","R",1788,242,51,TRUE,FALSE,FALSE,FALSE,"represented"
1,963,"7Networks_RH_Default_PFCdPFCm_7","R",2968,709,121,TRUE,FALSE,FALSE,FALSE,"represented"
1,964,"7Networks_RH_Default_PFCdPFCm_8","R",3982,752,159,TRUE,FALSE,FALSE,FALSE,"represented"
1,965,"7Networks_RH_Default_PFCdPFCm_9","R",691,315,27,TRUE,FALSE,FALSE,FALSE,"represented"
1,966,"7Networks_RH_Default_PFCdPFCm_10","R",1355,232,47,TRUE,FALSE,FALSE,FALSE,"represented"
1,967,"7Networks_RH_Default_PFCdPFCm_11","R",1149,299,58,TRUE,FALSE,FALSE,FALSE,"represented"
1,968,"7Networks_RH_Default_PFCdPFCm_12","R",436,211,12,TRUE,FALSE,FALSE,FALSE,"represented"
1,969,"7Networks_RH_Default_PFCdPFCm_13","R",2205,388,67,TRUE,FALSE,FALSE,FALSE,"represented"
1,970,"7Networks_RH_Default_PFCdPFCm_14","R",2258,410,81,TRUE,FALSE,FALSE,FALSE,"represented"
1,971,"7Networks_RH_Default_PFCdPFCm_15","R",1157,304,57,TRUE,FALSE,FALSE,FALSE,"represented"
1,972,"7Networks_RH_Default_PFCdPFCm_16","R",797,258,48,TRUE,FALSE,FALSE,FALSE,"represented"
1,973,"7Networks_RH_Default_PFCdPFCm_17","R",925,572,108,TRUE,FALSE,FALSE,FALSE,"represented"
1,974,"7Networks_RH_Default_PFCdPFCm_18","R",1458,217,36,TRUE,FALSE,FALSE,FALSE,"represented"
1,975,"7Networks_RH_Default_PFCdPFCm_19","R",1608,197,43,TRUE,FALSE,FALSE,FALSE,"represented"
1,976,"7Networks_RH_Default_PFCdPFCm_20","R",1493,554,112,TRUE,FALSE,FALSE,FALSE,"represented"
1,977,"7Networks_RH_Default_PFCdPFCm_21","R",2042,388,78,TRUE,FALSE,FALSE,FALSE,"represented"
1,978,"7Networks_RH_Default_PFCdPFCm_22","R",1853,343,80,TRUE,FALSE,FALSE,FALSE,"represented"
1,979,"7Networks_RH_Default_PFCdPFCm_23","R",572,92,17,TRUE,FALSE,FALSE,FALSE,"represented"
1,980,"7Networks_RH_Default_PFCdPFCm_24","R",1857,349,68,TRUE,FALSE,FALSE,FALSE,"represented"
1,981,"7Networks_RH_Default_pCunPCC_1","R",580,297,50,TRUE,FALSE,FALSE,FALSE,"represented"
1,982,"7Networks_RH_Default_pCunPCC_2","R",1173,449,87,TRUE,FALSE,FALSE,FALSE,"represented"
1,983,"7Networks_RH_Default_pCunPCC_3","R",319,172,23,TRUE,FALSE,FALSE,FALSE,"represented"
1,984,"7Networks_RH_Default_pCunPCC_4","R",1397,454,96,TRUE,FALSE,FALSE,FALSE,"represented"
1,985,"7Networks_RH_Default_pCunPCC_5","R",232,163,17,TRUE,FALSE,FALSE,FALSE,"represented"
1,986,"7Networks_RH_Default_pCunPCC_6","R",1102,379,78,TRUE,FALSE,FALSE,FALSE,"represented"
1,987,"7Networks_RH_Default_pCunPCC_7","R",286,107,21,TRUE,FALSE,FALSE,FALSE,"represented"
1,988,"7Networks_RH_Default_pCunPCC_8","R",772,213,49,TRUE,FALSE,FALSE,FALSE,"represented"
1,989,"7Networks_RH_Default_pCunPCC_9","R",547,186,35,TRUE,FALSE,FALSE,FALSE,"represented"
1,990,"7Networks_RH_Default_pCunPCC_10","R",1065,417,77,TRUE,FALSE,FALSE,FALSE,"represented"
1,991,"7Networks_RH_Default_pCunPCC_11","R",546,213,48,TRUE,FALSE,FALSE,FALSE,"represented"
1,992,"7Networks_RH_Default_pCunPCC_12","R",1260,315,80,TRUE,FALSE,FALSE,FALSE,"represented"
1,993,"7Networks_RH_Default_pCunPCC_13","R",574,249,49,TRUE,FALSE,FALSE,FALSE,"represented"
1,994,"7Networks_RH_Default_pCunPCC_14","R",834,215,62,TRUE,FALSE,FALSE,FALSE,"represented"
1,995,"7Networks_RH_Default_pCunPCC_15","R",870,253,46,TRUE,FALSE,FALSE,FALSE,"represented"
1,996,"7Networks_RH_Default_pCunPCC_16","R",990,371,66,TRUE,FALSE,FALSE,FALSE,"represented"
1,997,"7Networks_RH_Default_pCunPCC_17","R",1025,467,86,TRUE,FALSE,FALSE,FALSE,"represented"
1,998,"7Networks_RH_Default_pCunPCC_18","R",1341,624,113,TRUE,FALSE,FALSE,FALSE,"represented"
1,999,"7Networks_RH_Cont_pCun_2","R",641,212,44,TRUE,FALSE,FALSE,FALSE,"represented"
1,1000,"7Networks_RH_Cont_pCun_4","R",713,238,45,TRUE,FALSE,FALSE,FALSE,"represented"
