template,atlas,key,label,reference_voxels,moving_voxels,dice,volume_bias_percent,mean_boundary_mm,hd95_mm,centroid_mm
MNI152NLin6Asym,HOCPA,1,Frontal Pole,15397,15134,0.9837869706200255,-1.7081249594076768,0.20226618296854718,2.0,0.1551433708689159
MNI152NLin6Asym,HOCPA,2,Insular Cortex,2341,2678,0.931261207411835,14.395557454079453,0.3941375540089259,2.0,0.3049508371272231
MNI152NLin6Asym,HOCPA,3,Superior Frontal Gyrus,5080,5650,0.9422180801491147,11.220472440944881,0.4586410013786556,2.0,0.5663196385156496
MNI152NLin6Asym,HOCPA,4,Middle Frontal Gyrus,5316,5667,0.9587544386779568,6.602708803611738,0.37880489119316596,2.0,0.3409432517668233
MNI152NLin6Asym,HOCPA,5,"Inferior Frontal Gyrus, pars triangularis",1103,1205,0.9454072790294628,9.247506799637353,0.2944449060210846,2.0,1.0912782404319972
MNI152NLin6Asym,HOCPA,6,"Inferior Frontal Gyrus, pars opercularis",1384,1452,0.9633286318758815,4.913294797687861,0.21392183559858652,2.0,0.12608781505359395
MNI152NLin6Asym,HOCPA,7,Precentral Gyrus,8573,8755,0.9699907663896583,2.1229441269100664,0.2516437994552288,2.0,0.34151581122281793
MNI152NLin6Asym,HOCPA,8,Temporal Pole,4711,4749,0.9849894291754757,0.8066227977074931,0.14965986394557823,2.0,0.18849568923371493
MNI152NLin6Asym,HOCPA,9,"Superior Temporal Gyrus, anterior division",521,558,0.9508804448563485,7.1017274472168905,0.2233873799222872,2.0,1.892248666126753
MNI152NLin6Asym,HOCPA,10,"Superior Temporal Gyrus, posterior division",1830,809,0.6131110269041303,-55.79234972677595,1.917718478619375,4.47213595499958,1.5775936950771026
MNI152NLin6Asym,HOCPA,11,"Middle Temporal Gyrus, anterior division",848,858,0.9695193434935522,1.179245283018868,0.17133932133549498,2.0,0.2927671081084842
MNI152NLin6Asym,HOCPA,12,"Middle Temporal Gyrus, posterior division",2525,2739,0.9456686930091185,8.475247524752476,0.43105812692564643,2.0,0.6228675154359646
MNI152NLin6Asym,HOCPA,13,"Middle Temporal Gyrus, temporooccipital part",2004,2028,0.9692460317460317,1.1976047904191616,0.2160427807486631,2.0,0.12066573482226968
MNI152NLin6Asym,HOCPA,14,"Inferior Temporal Gyrus, anterior division",647,662,0.9656226126814362,2.3183925811437405,0.1773032274900973,2.0,0.3796619702457469
MNI152NLin6Asym,HOCPA,15,"Inferior Temporal Gyrus, posterior division",1942,1966,0.9713408393039918,1.235839340885685,0.18569966847491565,2.0,0.6413841779877565
MNI152NLin6Asym,HOCPA,16,"Inferior Temporal Gyrus, temporooccipital part",1470,1479,0.9779586300440828,0.6122448979591837,0.1497175141242938,2.0,0.14816237969438686
MNI152NLin6Asym,HOCPA,17,Postcentral Gyrus,6895,6906,0.9776103180928918,0.15953589557650472,0.18909697804425643,2.0,0.30178633316358927
MNI152NLin6Asym,HOCPA,18,Superior Parietal Lobule,2908,2936,0.9760438056125941,0.9628610729023384,0.1988496302382909,2.0,0.1467916772550176
MNI152NLin6Asym,HOCPA,19,"Supramarginal Gyrus, anterior division",1742,1755,0.9728338575922219,0.746268656716418,0.17059105007169323,2.0,0.1074100489708623
MNI152NLin6Asym,HOCPA,20,"Supramarginal Gyrus, posterior division",2259,2299,0.9657744624835454,1.7706949977866313,0.200494435188628,2.0,0.36064473259782565
MNI152NLin6Asym,HOCPA,21,Angular Gyrus,2409,2419,0.971830985915493,0.41511000415110005,0.1845970375556599,2.0,0.08659935356874873
MNI152NLin6Asym,HOCPA,22,"Lateral Occipital Cortex, superior division",9779,9780,0.984508410450432,0.010225994477962982,0.175812376542417,2.0,0.15135770721702535
MNI152NLin6Asym,HOCPA,23,"Lateral Occipital Cortex, inferior division",4089,4087,0.9799412915851272,-0.048911714355588165,0.18093127830851113,2.0,0.05363072293382381
MNI152NLin6Asym,HOCPA,24,Intracalcarine Cortex,1401,1413,0.976545842217484,0.8565310492505354,0.15488711400486388,2.0,0.057175835306429314
MNI152NLin6Asym,HOCPA,25,Frontal Medial Cortex,976,984,0.9734693877551021,0.819672131147541,0.17863419556550222,2.0,0.2745699992537767
MNI152NLin6Asym,HOCPA,26,Juxtapositional Lobule Cortex (formerly Supplementary Motor Cortex),1484,1485,0.9740653418659482,0.0673854447439353,0.19623080145924657,2.0,0.2854409673941836
MNI152NLin6Asym,HOCPA,27,Subcallosal Cortex,1142,1126,0.9797178130511464,-1.4010507880910683,0.16393442622950818,2.0,0.10375415668005354
MNI152NLin6Asym,HOCPA,28,Paracingulate Gyrus,2944,2912,0.9740437158469946,-1.0869565217391304,0.21703617269544925,2.0,0.20330241422293263
MNI152NLin6Asym,HOCPA,29,"Cingulate Gyrus, anterior division",2592,2593,0.9805207328833173,0.038580246913580245,0.1548327989005955,2.0,0.10098251553922274
MNI152NLin6Asym,HOCPA,30,"Cingulate Gyrus, posterior division",2412,2397,0.9773341651070909,-0.6218905472636815,0.18910107126222636,2.0,0.24059479029387654
MNI152NLin6Asym,HOCPA,31,Precuneous Cortex,5623,5613,0.9823780704877181,-0.17784101013693757,0.20571562282370942,2.0,0.08419091482471626
MNI152NLin6Asym,HOCPA,32,Cuneal Cortex,1227,1237,0.9724025974025974,0.8149959250203749,0.18893145136533293,2.0,0.27409560887543166
MNI152NLin6Asym,HOCPA,33,Frontal Orbital Cortex,3148,3122,0.9783094098883572,-0.8259212198221093,0.1728020632193617,2.0,0.22891065472841723
MNI152NLin6Asym,HOCPA,34,"Parahippocampal Gyrus, anterior division",1248,1238,0.9710378117457763,-0.8012820512820513,0.17301637364118866,2.0,0.15469990771628134
MNI152NLin6Asym,HOCPA,35,"Parahippocampal Gyrus, posterior division",710,709,0.9767441860465116,-0.14084507042253522,0.1126461211477152,2.0,0.07625788670231827
MNI152NLin6Asym,HOCPA,36,Lingual Gyrus,3381,3364,0.9785025945144552,-0.5028098195800059,0.1880003488557044,2.0,0.040374300689264425
MNI152NLin6Asym,HOCPA,37,"Temporal Fusiform Cortex, anterior division",610,609,0.9647251845775225,-0.16393442622950818,0.1652892561983471,2.0,0.22232096980344937
MNI152NLin6Asym,HOCPA,38,"Temporal Fusiform Cortex, posterior division",1594,1579,0.9675386069965333,-0.9410288582183187,0.2033096926713948,2.0,0.24473415560321765
MNI152NLin6Asym,HOCPA,39,Temporal Occipital Fusiform Cortex,1469,1467,0.976158038147139,-0.13614703880190607,0.15315896497281983,2.0,0.23885605237990393
MNI152NLin6Asym,HOCPA,40,Occipital Fusiform Gyrus,1806,1820,0.9713182570325427,0.7751937984496124,0.19520709490847107,2.0,0.0980085958943288
MNI152NLin6Asym,HOCPA,41,Frontal Operculum Cortex,687,668,0.9564575645756458,-2.7656477438136826,0.2211652794292509,2.0,0.3614664805757272
MNI152NLin6Asym,HOCPA,42,Central Opercular Cortex,1886,1855,0.9730018711574445,-1.6436903499469777,0.1704312114989733,2.0,0.5396180795169963
MNI152NLin6Asym,HOCPA,43,Parietal Operculum Cortex,1119,1105,0.97931654676259,-1.2511170688114388,0.11363636363636363,2.0,0.21357216795763406
MNI152NLin6Asym,HOCPA,44,Planum Polare,749,735,0.9649595687331537,-1.8691588785046729,0.16240005132402305,2.0,0.6563298919055882
MNI152NLin6Asym,HOCPA,45,Heschl's Gyrus (includes H1 and H2),604,591,0.9623430962343096,-2.152317880794702,0.20344199175082395,2.0,0.6623348709813464
MNI152NLin6Asym,HOCPA,46,Planum Temporale,952,1005,0.9565661727133368,5.567226890756302,0.19548872180451127,2.0,0.28782452831004757
MNI152NLin6Asym,HOCPA,47,Supracalcarine Cortex,261,265,0.9391634980988594,1.5325670498084292,0.17361584019662687,2.0,0.32138015616693155
MNI152NLin6Asym,HOCPA,48,Occipital Pole,5276,5256,0.9857576908469426,-0.37907505686125853,0.13683954224494765,2.0,0.10580932145630836
MNI152NLin6Asym,HOSPA,1,Left Cerebral White Matter,31371,31259,0.9819255947628932,-0.35701762774536994,0.192964282850709,2.0,0.23086881124497746
MNI152NLin6Asym,HOSPA,2,Left Cerebral Cortex,65070,64296,0.9842926271199542,-1.1894882434301521,0.21648678892169337,2.0,0.1172298465982181
MNI152NLin6Asym,HOSPA,3,Left Lateral Ventrical,1145,1166,0.9805279099956729,1.834061135371179,0.0835509138381201,0.0,0.4716698948214761
MNI152NLin6Asym,HOSPA,4,Left Thalamus,1321,1309,0.9901140684410646,-0.9084027252081757,0.092,0.0,0.12022691019296951
MNI152NLin6Asym,HOSPA,5,Left Caudate,487,493,0.9836734693877551,1.2320328542094456,0.0799036678764113,0.0,0.25557873651084434
MNI152NLin6Asym,HOSPA,6,Left Putamen,799,805,0.986284289276808,0.7509386733416771,0.08206330597889801,0.0,0.10436812114553505
MNI152NLin6Asym,HOSPA,7,Left Pallidum,267,271,0.9739776951672863,1.4981273408239701,0.13813813813813813,2.0,0.1980924565129289
MNI152NLin6Asym,HOSPA,8,Brainstem,4890,4788,0.9876007439553627,-2.085889570552147,0.16625044595076705,2.0,0.11939562823674255
MNI152NLin6Asym,HOSPA,9,Left Hippocampus,691,689,0.981159420289855,-0.2894356005788712,0.10319410319410319,2.0,0.058342232071749024
MNI152NLin6Asym,HOSPA,10,Left Amygdala,306,308,0.9869706840390879,0.6535947712418301,0.05714285714285714,0.0,0.11717237328087929
MNI152NLin6Asym,HOSPA,11,Left Accumbens,89,90,0.9832402234636871,1.1235955056179776,0.06993006993006994,0.0,0.10320691202650377
MNI152NLin6Asym,HOSPA,12,Right Cerebral White Matter,31361,31263,0.9832652018395504,-0.3124900353942795,0.1772622323617673,2.0,0.1484864772625902
MNI152NLin6Asym,HOSPA,13,Right Cerebral Cortex,64054,63270,0.9852031038924319,-1.223967277609517,0.19801324200247014,2.0,0.11211521257306761
MNI152NLin6Asym,HOSPA,14,Right Lateral Ventricle,1019,1031,0.9746341463414634,1.1776251226692835,0.11607635713010295,2.0,0.20793818299393027
MNI152NLin6Asym,HOSPA,15,Right Thalamus,1283,1272,0.9870841487279843,-0.857365549493375,0.11885245901639344,2.0,0.08410099579606985
MNI152NLin6Asym,HOSPA,16,Right Caudate,511,517,0.980544747081712,1.1741682974559686,0.09494640122511486,0.0,0.3996386792546407
MNI152NLin6Asym,HOSPA,17,Right Putamen,796,799,0.993103448275862,0.3768844221105528,0.04265402843601896,0.0,0.14557848142353563
MNI152NLin6Asym,HOSPA,18,Right Pallidum,260,267,0.9791271347248577,2.6923076923076925,0.10149253731343283,0.6000000000000227,0.14820190328463803
MNI152NLin6Asym,HOSPA,19,Right Hippocampus,700,711,0.9822820694542878,1.5714285714285714,0.09331651954602774,0.0,0.13425194866951876
MNI152NLin6Asym,HOSPA,20,Right Amygdala,366,363,0.9849108367626886,-0.819672131147541,0.09200968523002422,0.0,0.09571739226044364
MNI152NLin6Asym,HOSPA,21,Right Accumbens,84,85,0.9822485207100592,1.1904761904761905,0.058823529411764705,0.0,0.10303136353082976
MNI152NLin2009cAsym,HOCPA,1,Frontal Pole,16571,16577,0.954386388319054,0.03620783296119727,0.5688864017500246,2.0,0.8311291663837056
MNI152NLin2009cAsym,HOCPA,2,Insular Cortex,2853,2790,0.9264575580365054,-2.2082018927444795,0.4894519433195889,2.0,0.9681974343326392
MNI152NLin2009cAsym,HOCPA,3,Superior Frontal Gyrus,6124,6159,0.9338109582349589,0.5715218811234487,0.5952629504838614,2.0,0.7317494817126923
MNI152NLin2009cAsym,HOCPA,4,Middle Frontal Gyrus,5978,5917,0.9380411937788987,-1.0204081632653061,0.6351606805293005,2.0,1.0178201113220462
MNI152NLin2009cAsym,HOCPA,5,"Inferior Frontal Gyrus, pars triangularis",1351,1358,0.9169435215946844,0.5181347150259067,0.496107362474088,2.0,1.6782753974303275
MNI152NLin2009cAsym,HOCPA,6,"Inferior Frontal Gyrus, pars opercularis",1454,1469,0.9284981183715361,1.031636863823934,0.4576043068640646,2.0,1.2303989166132305
MNI152NLin2009cAsym,HOCPA,7,Precentral Gyrus,9050,9142,0.9425021987686896,1.0165745856353592,0.5103224935906086,2.0,1.0951641879061416
MNI152NLin2009cAsym,HOCPA,8,Temporal Pole,5022,5085,0.9468685069753636,1.2544802867383513,0.5293346499184953,2.0,1.2779982702906316
MNI152NLin2009cAsym,HOCPA,9,"Superior Temporal Gyrus, anterior division",621,602,0.884709730171709,-3.0595813204508855,0.591454391579644,2.0,1.239388046731139
MNI152NLin2009cAsym,HOCPA,10,"Superior Temporal Gyrus, posterior division",849,839,0.8637440758293838,-1.1778563015312131,0.5549407114624506,2.0,0.6838597368200986
MNI152NLin2009cAsym,HOCPA,11,"Middle Temporal Gyrus, anterior division",949,946,0.9213720316622691,-0.31612223393045313,0.4445998339334738,2.0,1.6123145672733161
MNI152NLin2009cAsym,HOCPA,12,"Middle Temporal Gyrus, posterior division",2964,3008,0.9246483590087073,1.484480431848853,0.6470119521912351,2.0,0.891129556211534
MNI152NLin2009cAsym,HOCPA,13,"Middle Temporal Gyrus, temporooccipital part",2139,2107,0.9236928874234573,-1.496026180458158,0.5672494057310645,2.0,0.7475103001247223
MNI152NLin2009cAsym,HOCPA,14,"Inferior Temporal Gyrus, anterior division",740,736,0.8875338753387534,-0.5405405405405406,0.6411483253588517,2.0,1.8757439546442822
MNI152NLin2009cAsym,HOCPA,15,"Inferior Temporal Gyrus, posterior division",2022,2031,0.9010609425117198,0.44510385756676557,0.6784755981032418,2.0,1.4850555802349341
MNI152NLin2009cAsym,HOCPA,16,"Inferior Temporal Gyrus, temporooccipital part",1514,1533,0.9195930423367247,1.2549537648612945,0.5589086299477404,2.0,0.8103160437524823
MNI152NLin2009cAsym,HOCPA,17,Postcentral Gyrus,7548,7498,0.9409809916256813,-0.6624271330153683,0.5267022696929239,2.0,0.7710937736993323
MNI152NLin2009cAsym,HOCPA,18,Superior Parietal Lobule,3463,3414,0.941398865784499,-1.4149581287900663,0.5260007482229705,2.0,0.8578208350447787
MNI152NLin2009cAsym,HOCPA,19,"Supramarginal Gyrus, anterior division",1807,1736,0.9325430426192493,-3.929164360819037,0.46264462514048,2.0,1.6040725428640705
MNI152NLin2009cAsym,HOCPA,20,"Supramarginal Gyrus, posterior division",2532,2515,0.9284723598177135,-0.6714060031595577,0.4438614761284178,2.0,0.466181030876565
MNI152NLin2009cAsym,HOCPA,21,Angular Gyrus,2696,2691,0.9348431408947466,-0.18545994065281898,0.46146503268017547,2.0,1.1308425340188692
MNI152NLin2009cAsym,HOCPA,22,"Lateral Occipital Cortex, superior division",9931,9857,0.9624014554275319,-0.7451414761856812,0.4319660743006355,2.0,0.8088768934837199
MNI152NLin2009cAsym,HOCPA,23,"Lateral Occipital Cortex, inferior division",4302,4314,0.9456824512534819,0.2789400278940028,0.5168815224063843,2.0,1.53442881108275
MNI152NLin2009cAsym,HOCPA,24,Intracalcarine Cortex,1548,1543,0.9369136201876416,-0.32299741602067183,0.46196024674434544,2.0,0.7348788552250272
MNI152NLin2009cAsym,HOCPA,25,Frontal Medial Cortex,991,1003,0.9227683049147443,1.2108980827447022,0.4851613677461242,2.0,0.8653375191864369
MNI152NLin2009cAsym,HOCPA,26,Juxtapositional Lobule Cortex (formerly Supplementary Motor Cortex),1669,1693,0.9476502082093992,1.4379868184541642,0.4235463029432879,2.0,0.6861650688646306
MNI152NLin2009cAsym,HOCPA,27,Subcallosal Cortex,1193,1234,0.9369592088998764,3.4367141659681475,0.4722001221835414,2.0,0.693041935101167
MNI152NLin2009cAsym,HOCPA,28,Paracingulate Gyrus,3197,3192,0.9297229613398028,-0.1563966218329684,0.5838876570583887,2.0,0.8522797946017964
MNI152NLin2009cAsym,HOCPA,29,"Cingulate Gyrus, anterior division",2653,2695,0.9263275991024682,1.5831134564643798,0.623272403031654,2.0,0.8475782721692063
MNI152NLin2009cAsym,HOCPA,30,"Cingulate Gyrus, posterior division",2554,2592,0.9436455499417022,1.4878621769772906,0.4496826835902085,2.0,0.7049007553062799
MNI152NLin2009cAsym,HOCPA,31,Precuneous Cortex,5864,5938,0.9513641755634639,1.26193724420191,0.55996482949071,2.0,0.7939360050045614
MNI152NLin2009cAsym,HOCPA,32,Cuneal Cortex,1283,1311,0.9190439475713185,2.182385035074045,0.6019091740803999,2.0,0.768768759882209
MNI152NLin2009cAsym,HOCPA,33,Frontal Orbital Cortex,3266,3224,0.936517719568567,-1.2859767299448868,0.48743016759776536,2.0,1.107804508325054
MNI152NLin2009cAsym,HOCPA,34,"Parahippocampal Gyrus, anterior division",1257,1266,0.9227110582639715,0.7159904534606205,0.43957597173144874,2.0,0.6008461636302852
MNI152NLin2009cAsym,HOCPA,35,"Parahippocampal Gyrus, posterior division",731,722,0.8699242945629732,-1.231190150478796,0.6511627906976745,2.0,0.7667224493594756
MNI152NLin2009cAsym,HOCPA,36,Lingual Gyrus,3672,3697,0.9455828470620166,0.6808278867102396,0.49228611500701264,2.0,0.9070827251207123
MNI152NLin2009cAsym,HOCPA,37,"Temporal Fusiform Cortex, anterior division",615,570,0.8675105485232067,-7.317073170731708,0.7398955140507244,2.0,0.9765133156418377
MNI152NLin2009cAsym,HOCPA,38,"Temporal Fusiform Cortex, posterior division",1656,1651,0.9077713940127004,-0.30193236714975846,0.6099990764091288,2.0,1.093078217056792
MNI152NLin2009cAsym,HOCPA,39,Temporal Occipital Fusiform Cortex,1455,1413,0.9086471408647141,-2.88659793814433,0.6064339493497605,2.0,0.9308827553121527
MNI152NLin2009cAsym,HOCPA,40,Occipital Fusiform Gyrus,1857,1828,0.9297150610583447,-1.56165858912224,0.5060518731988473,2.0,0.9893172231466402
MNI152NLin2009cAsym,HOCPA,41,Frontal Operculum Cortex,721,717,0.8817802503477051,-0.5547850208044383,0.6143497757847534,2.0,0.8066748198983121
MNI152NLin2009cAsym,HOCPA,42,Central Opercular Cortex,2046,2091,0.9025864152767706,2.19941348973607,0.6653919694072657,2.0,1.3640494304595892
MNI152NLin2009cAsym,HOCPA,43,Parietal Operculum Cortex,1131,1143,0.890061565523307,1.0610079575596818,0.6837469975980784,2.0,1.114782751746037
MNI152NLin2009cAsym,HOCPA,44,Planum Polare,778,796,0.8716645489199492,2.3136246786632393,0.549054905490549,2.0,1.0235548986527225
MNI152NLin2009cAsym,HOCPA,45,Heschl's Gyrus (includes H1 and H2),640,655,0.8818532818532818,2.34375,0.5808019441069259,2.0,1.0223793781462023
MNI152NLin2009cAsym,HOCPA,46,Planum Temporale,1062,1062,0.8615819209039548,0.0,0.6880428257439732,2.0,0.693988327338989
MNI152NLin2009cAsym,HOCPA,47,Supracalcarine Cortex,256,266,0.8544061302681992,3.90625,0.4630071599045346,2.0,1.0825086331071376
MNI152NLin2009cAsym,HOCPA,48,Occipital Pole,5425,5420,0.9576763485477179,-0.09216589861751152,0.3976857899237781,2.0,0.6580507963764479
MNI152NLin2009cAsym,HOSPA,1,Left Cerebral White Matter,33016,32691,0.9522881884730698,-0.9843712139568694,0.5272895818244164,2.0,0.8492197133442727
MNI152NLin2009cAsym,HOSPA,2,Left Cerebral Cortex,68759,68664,0.9604214723881738,-0.13816373129335796,0.5345479566900511,2.0,1.0777267704986637
MNI152NLin2009cAsym,HOSPA,3,Left Lateral Ventrical,1145,1146,0.8799650807507639,0.08733624454148471,0.5876221498371336,2.0,0.8687726534557317
MNI152NLin2009cAsym,HOSPA,4,Left Thalamus,1402,1380,0.9396117900790798,-1.5691868758915835,0.5725008923241061,2.0,1.107622304341545
MNI152NLin2009cAsym,HOSPA,5,Left Caudate,535,525,0.8509433962264151,-1.8691588785046729,0.7790562146986825,2.0,1.0034465172711142
MNI152NLin2009cAsym,HOSPA,6,Left Putamen,854,849,0.9371697005284791,-0.585480093676815,0.40630282992692746,2.0,0.9395911304742625
MNI152NLin2009cAsym,HOSPA,7,Left Pallidum,277,280,0.9443447037701975,1.0830324909747293,0.2881295251450326,2.0,0.6749945921450347
MNI152NLin2009cAsym,HOSPA,8,Brainstem,5084,5157,0.9643589493213554,1.4358772619984264,0.4539541252995549,2.0,0.8169269334835959
MNI152NLin2009cAsym,HOSPA,9,Left Hippocampus,725,710,0.8850174216027874,-2.0689655172413794,0.656969696969697,2.0,0.7094443367988323
MNI152NLin2009cAsym,HOSPA,10,Left Amygdala,322,314,0.8710691823899371,-2.484472049689441,0.6607044637391664,2.0,1.0698433765784074
MNI152NLin2009cAsym,HOSPA,11,Left Accumbens,95,101,0.8673469387755102,6.315789473684211,0.4528185995049091,2.0,1.1010222606275901
MNI152NLin2009cAsym,HOSPA,12,Right Cerebral White Matter,32861,32765,0.9485264986438302,-0.2921396183926235,0.5752428077487004,2.0,0.8459508374786692
MNI152NLin2009cAsym,HOSPA,13,Right Cerebral Cortex,67614,67774,0.9556238366768104,0.23663738279054633,0.5828717206953294,2.0,0.7598097949797334
MNI152NLin2009cAsym,HOSPA,14,Right Lateral Ventricle,992,994,0.879154078549849,0.20161290322580644,0.5349870848750836,2.0,0.6704735985908468
MNI152NLin2009cAsym,HOSPA,15,Right Thalamus,1343,1388,0.934456243134383,3.3507073715562172,0.6032977691561591,2.0,0.8457452073407818
MNI152NLin2009cAsym,HOSPA,16,Right Caudate,559,564,0.8922528940338379,0.8944543828264758,0.5033406414989186,2.0,1.1062902434305522
MNI152NLin2009cAsym,HOSPA,17,Right Putamen,838,811,0.9193450576106731,-3.2219570405727924,0.5148063781321185,2.0,0.6996546192256667
MNI152NLin2009cAsym,HOSPA,18,Right Pallidum,266,280,0.8901098901098901,5.2631578947368425,0.5380116959064327,2.0,0.7063950789574583
MNI152NLin2009cAsym,HOSPA,19,Right Hippocampus,743,720,0.8735475051264525,-3.095558546433378,0.7326652573794494,2.0,0.8251195138345911
MNI152NLin2009cAsym,HOSPA,20,Right Amygdala,373,362,0.8625850340136054,-2.9490616621983916,0.8038406300111939,2.0,1.099942982801509
MNI152NLin2009cAsym,HOSPA,21,Right Accumbens,89,88,0.847457627118644,-1.1235955056179776,0.48951048951048953,2.0,0.8343218750086173
