source,target,key,reference_voxels,moving_voxels,dice,volume_bias_percent,mean_boundary_mm,hd95_mm,centroid_mm
MNI152NLin6Asym,MNI152NLin2009cAsym,1,16577,16730,0.9540937340498994,0.922965554684201,0.5582882683988597,2.0,0.8583244703135545
MNI152NLin6Asym,MNI152NLin2009cAsym,2,2790,2924,0.9103955197759888,4.802867383512544,0.5635919778111109,2.0,1.0344942025525616
MNI152NLin6Asym,MNI152NLin2009cAsym,3,6159,6352,0.9255854847733994,3.133625588569573,0.6256906632743849,2.0,0.6940856084651311
MNI152NLin6Asym,MNI152NLin2009cAsym,4,5917,6028,0.9232314776056928,1.875950650667568,0.7305583123489673,2.0,1.006960439047998
MNI152NLin6Asym,MNI152NLin2009cAsym,5,1358,1411,0.8876850848681834,3.90279823269514,0.67910825086326,2.0,1.6678480383867595
MNI152NLin6Asym,MNI152NLin2009cAsym,6,1469,1388,0.9016450822541127,-5.513955071477195,0.6304118848986475,2.0,2.184862418507239
MNI152NLin6Asym,MNI152NLin2009cAsym,7,9142,8575,0.9262290455494723,-6.2021439509954055,0.6321354842025402,2.0,1.3837523912041672
MNI152NLin6Asym,MNI152NLin2009cAsym,8,5085,4902,0.9480324421748273,-3.5988200589970503,0.5117464293285355,2.0,0.7481140941757756
MNI152NLin6Asym,MNI152NLin2009cAsym,9,602,608,0.8809917355371901,0.9966777408637874,0.5743037288213327,2.0,0.6454811755912029
MNI152NLin6Asym,MNI152NLin2009cAsym,10,839,914,0.8191671420422133,8.939213349225268,0.6672053282248139,2.0,0.4046441126388473
MNI152NLin6Asym,MNI152NLin2009cAsym,11,946,956,0.9190325972660357,1.0570824524312896,0.47276330999988986,2.0,1.2937113105279525
MNI152NLin6Asym,MNI152NLin2009cAsym,12,3008,3053,0.9226200296980697,1.4960106382978724,0.6358645315249051,2.0,2.498490705407553
MNI152NLin6Asym,MNI152NLin2009cAsym,13,2107,2191,0.9106561191251745,3.9867109634551494,0.6442289703739934,2.0,1.5878919660386062
MNI152NLin6Asym,MNI152NLin2009cAsym,14,736,678,0.900990099009901,-7.880434782608695,0.5386965755108212,2.0,6.470313922390483
MNI152NLin6Asym,MNI152NLin2009cAsym,15,2031,2024,0.893711467324291,-0.34465780403741997,0.6927466934603714,2.0,1.4970297385882798
MNI152NLin6Asym,MNI152NLin2009cAsym,16,1533,1535,0.9198174706649282,0.1304631441617743,0.5827550440668672,2.0,1.9320959145749674
MNI152NLin6Asym,MNI152NLin2009cAsym,17,7498,7580,0.9306274041650087,1.0936249666577753,0.6042019252691617,2.0,1.227513225010306
MNI152NLin6Asym,MNI152NLin2009cAsym,18,3414,3204,0.8975521305530372,-6.151142355008787,0.8665680858604603,2.0,0.5717214502405913
MNI152NLin6Asym,MNI152NLin2009cAsym,19,1736,1761,0.9156419788390049,1.4400921658986174,0.5413391307917947,2.0,0.7140552511806807
MNI152NLin6Asym,MNI152NLin2009cAsym,20,2515,2652,0.8743952003096574,5.4473161033797215,0.7784514825850004,2.0,0.32295301875282456
MNI152NLin6Asym,MNI152NLin2009cAsym,21,2691,2922,0.858720826652414,8.58416945373467,1.0157524319016236,2.0,1.1627295018246253
MNI152NLin6Asym,MNI152NLin2009cAsym,22,9857,9673,0.9345622119815669,-1.8666937201988434,0.7413721940857454,2.0,0.9340401106084066
MNI152NLin6Asym,MNI152NLin2009cAsym,23,4314,4081,0.928648004764741,-5.401019935095039,0.6427814976846464,2.0,2.6955355712679614
MNI152NLin6Asym,MNI152NLin2009cAsym,24,1543,1530,0.9300357956394403,-0.8425145819831497,0.494668153806589,2.0,0.7582691101553438
MNI152NLin6Asym,MNI152NLin2009cAsym,25,1003,989,0.9086345381526104,-1.3958125623130608,0.5487872632686988,2.0,1.001560342101645
MNI152NLin6Asym,MNI152NLin2009cAsym,26,1693,1627,0.9355421686746987,-3.898405197873597,0.5158976575604032,2.0,0.8399167421691395
MNI152NLin6Asym,MNI152NLin2009cAsym,27,1234,1175,0.9099211290992113,-4.781199351701783,0.6235085256837505,2.0,1.022457763081419
MNI152NLin6Asym,MNI152NLin2009cAsym,28,3192,3123,0.9346001583531275,-2.161654135338346,0.5461363067469691,2.0,0.6921350535285383
MNI152NLin6Asym,MNI152NLin2009cAsym,29,2695,2617,0.9427710843373494,-2.8942486085343226,0.46998569666284884,2.0,0.6462183903384957
MNI152NLin6Asym,MNI152NLin2009cAsym,30,2592,2596,0.9329221279876638,0.15432098765432098,0.551573381235755,2.0,0.7003515761844626
MNI152NLin6Asym,MNI152NLin2009cAsym,31,5938,5740,0.939886966946395,-3.334456045806669,0.6814754269214698,2.0,0.8306768774862429
MNI152NLin6Asym,MNI152NLin2009cAsym,32,1311,1316,0.9166349448039589,0.38138825324180015,0.5815930106705635,2.0,0.4334922780387931
MNI152NLin6Asym,MNI152NLin2009cAsym,33,3224,3277,0.9247808029533918,1.6439205955334988,0.5618357078606143,2.0,0.7232731440068456
MNI152NLin6Asym,MNI152NLin2009cAsym,34,1266,1256,0.8778747026169706,-0.7898894154818326,0.6781950889882166,2.0,1.1683782524216209
MNI152NLin6Asym,MNI152NLin2009cAsym,35,722,798,0.8644736842105263,10.526315789473685,0.6732174559335743,2.0,1.2739477900377725
MNI152NLin6Asym,MNI152NLin2009cAsym,36,3697,3650,0.9241867428882538,-1.271301054909386,0.6648492820998038,2.0,1.1999863275226872
MNI152NLin6Asym,MNI152NLin2009cAsym,37,570,603,0.8508098891730606,5.7894736842105265,0.7933124852808477,2.0,1.734867687070793
MNI152NLin6Asym,MNI152NLin2009cAsym,38,1651,1737,0.9191263282172373,5.208964264082375,0.4970482120085286,2.0,1.89637718626331
MNI152NLin6Asym,MNI152NLin2009cAsym,39,1413,1509,0.893908281998631,6.794055201698514,0.6439984557187876,2.0,1.951764657506832
MNI152NLin6Asym,MNI152NLin2009cAsym,40,1828,1771,0.8924701305918311,-3.1181619256017505,0.7261698855700145,2.0,1.1552478094081158
MNI152NLin6Asym,MNI152NLin2009cAsym,41,717,731,0.8577348066298343,1.9525801952580195,0.7307920916480113,2.0,0.8766814702967581
MNI152NLin6Asym,MNI152NLin2009cAsym,42,2091,2105,0.8913250714966635,0.6695361071257772,0.7275652293696827,2.0,1.2020813627889815
MNI152NLin6Asym,MNI152NLin2009cAsym,43,1143,1095,0.8775692582663092,-4.199475065616798,0.7239467538144456,2.0,2.115883187724849
MNI152NLin6Asym,MNI152NLin2009cAsym,44,796,799,0.8626959247648903,0.3768844221105528,0.6190980278882121,2.0,0.6910909338457139
MNI152NLin6Asym,MNI152NLin2009cAsym,45,655,669,0.8670694864048338,2.1374045801526718,0.6252607124686491,2.0,2.395415400577892
MNI152NLin6Asym,MNI152NLin2009cAsym,46,1062,1063,0.8508235294117648,0.09416195856873823,0.7035265474162543,2.0,1.6986131282730172
MNI152NLin6Asym,MNI152NLin2009cAsym,47,266,274,0.8407407407407408,3.007518796992481,0.5436443249982497,2.0,1.389227417150082
MNI152NLin6Asym,MNI152NLin2009cAsym,48,5420,5217,0.9399266710538686,-3.745387453874539,0.5555682545216416,2.0,0.9010567024603247
MNI152NLin2009cAsym,MNI152NLin6Asym,1,15134,14978,0.9559643995749203,-1.030791595083917,0.5157706602549342,2.0,0.9370442514629937
MNI152NLin2009cAsym,MNI152NLin6Asym,2,2678,2687,0.9535880708294502,0.33607169529499625,0.28941096356826695,2.0,0.36622795571813016
MNI152NLin2009cAsym,MNI152NLin6Asym,3,5650,5481,0.9100709729584044,-2.9911504424778763,0.7515338634636372,2.0,1.0213600915518635
MNI152NLin2009cAsym,MNI152NLin6Asym,4,5667,5515,0.9035950634949025,-2.682195164990295,0.8844177904090746,2.0,2.114556254869974
MNI152NLin2009cAsym,MNI152NLin6Asym,5,1205,1180,0.889727463312369,-2.074688796680498,0.6234128962791065,2.0,1.3092054805451858
MNI152NLin2009cAsym,MNI152NLin6Asym,6,1452,1483,0.9192504258943782,2.1349862258953167,0.5226428561745289,2.0,1.2721760051235742
MNI152NLin2009cAsym,MNI152NLin6Asym,7,8755,9308,0.9299673365443171,6.316390633923472,0.5994630376371617,2.0,1.0412504617144782
MNI152NLin2009cAsym,MNI152NLin6Asym,8,4749,4830,0.9541705814803215,1.7056222362602653,0.43084322980572853,2.0,0.8888120334407305
MNI152NLin2009cAsym,MNI152NLin6Asym,9,558,534,0.9157509157509157,-4.301075268817204,0.38895904033898365,2.0,2.541919798775577
MNI152NLin2009cAsym,MNI152NLin6Asym,10,809,745,0.8815958815958816,-7.911001236093943,0.4138535206110018,2.0,0.9250282134308621
MNI152NLin2009cAsym,MNI152NLin6Asym,11,858,850,0.9250585480093677,-0.9324009324009324,0.4058144908313494,2.0,1.3592910601631112
MNI152NLin2009cAsym,MNI152NLin6Asym,12,2739,2677,0.9464549483013294,-2.2635998539612996,0.41825056099813274,2.0,0.9195355767075675
MNI152NLin2009cAsym,MNI152NLin6Asym,13,2028,1959,0.90845247052922,-3.4023668639053253,0.6494470386147816,2.0,1.6862690553044974
MNI152NLin2009cAsym,MNI152NLin6Asym,14,662,720,0.9059334298118669,8.761329305135952,0.5103147748126361,2.0,2.9538543486784157
MNI152NLin2009cAsym,MNI152NLin6Asym,15,1966,1927,0.9344978165938864,-1.9837232960325535,0.42411155071196766,2.0,1.5286048312752327
MNI152NLin2009cAsym,MNI152NLin6Asym,16,1479,1488,0.9120323559150657,0.6085192697768763,0.6261212668647063,2.0,1.3355307927256093
MNI152NLin2009cAsym,MNI152NLin6Asym,17,6906,6936,0.9338245918219911,0.43440486533449174,0.5451077551296508,2.0,0.9297703620949453
MNI152NLin2009cAsym,MNI152NLin6Asym,18,2936,3122,0.8930340046219875,6.335149863760218,0.8699390397267133,2.0,0.770608889212003
MNI152NLin2009cAsym,MNI152NLin6Asym,19,1755,1730,0.8992826398852224,-1.4245014245014245,0.6575668454806756,2.0,0.782236034916256
MNI152NLin2009cAsym,MNI152NLin6Asym,20,2299,2274,0.862453531598513,-1.087429317094389,0.8134483686383056,2.0,0.7169170441422957
MNI152NLin2009cAsym,MNI152NLin6Asym,21,2419,2253,0.8403253424657534,-6.862339809838776,1.0357526542850999,2.8284271247461903,1.7145868162760203
MNI152NLin2009cAsym,MNI152NLin6Asym,22,9780,9932,0.9291801948051948,1.5541922290388548,0.7969380388298796,2.0,1.6810223721115807
MNI152NLin2009cAsym,MNI152NLin6Asym,23,4087,4291,0.9243256147051803,4.991436261316369,0.6758276794775286,2.0,1.627661515619739
MNI152NLin2009cAsym,MNI152NLin6Asym,24,1413,1430,0.940555750967288,1.2031139419674453,0.39742673338098644,2.0,0.7046201501970067
MNI152NLin2009cAsym,MNI152NLin6Asym,25,984,967,0.9328549461814454,-1.7276422764227641,0.42060953977222565,2.0,0.42755304849609654
MNI152NLin2009cAsym,MNI152NLin6Asym,26,1485,1536,0.92088712346905,3.4343434343434343,0.6032312423213368,2.0,1.1449845447624625
MNI152NLin2009cAsym,MNI152NLin6Asym,27,1126,1183,0.9354699003897792,5.0621669626998225,0.4785511383629555,2.0,0.3008139246608189
MNI152NLin2009cAsym,MNI152NLin6Asym,28,2912,2868,0.9100346020761245,-1.510989010989011,0.7269265307733938,2.0,0.9531177627843163
MNI152NLin2009cAsym,MNI152NLin6Asym,29,2593,2578,0.9367627151421388,-0.5784805244890089,0.5143512145731479,2.0,0.6458824558698711
MNI152NLin2009cAsym,MNI152NLin6Asym,30,2397,2352,0.9522004632554222,-1.8773466833541927,0.36031820308844176,2.0,0.42260277507349786
MNI152NLin2009cAsym,MNI152NLin6Asym,31,5613,5709,0.9540717187776011,1.7103153393907002,0.5223605742086191,2.0,0.53963713787289
MNI152NLin2009cAsym,MNI152NLin6Asym,32,1237,1253,0.9285140562248996,1.2934518997574778,0.47863037312727513,2.0,0.5200417108354989
MNI152NLin2009cAsym,MNI152NLin6Asym,33,3122,3130,0.9452975047984645,0.25624599615631005,0.4162089546765172,2.0,0.364474885325968
MNI152NLin2009cAsym,MNI152NLin6Asym,34,1238,1288,0.9216152019002375,4.038772213247173,0.470028585446425,2.0,0.5654400377758865
MNI152NLin2009cAsym,MNI152NLin6Asym,35,709,693,0.9529243937232525,-2.2566995768688294,0.2302771855010661,2.0,0.28967457746387715
MNI152NLin2009cAsym,MNI152NLin6Asym,36,3364,3360,0.9452706722189174,-0.11890606420927467,0.46306762364195286,2.0,0.39957795970708176
MNI152NLin2009cAsym,MNI152NLin6Asym,37,609,644,0.9018355945730248,5.747126436781609,0.5262604870272757,2.0,1.0759587640038835
MNI152NLin2009cAsym,MNI152NLin6Asym,38,1579,1581,0.9373417721518987,0.1266624445851805,0.3800288085215623,2.0,0.4474306116858503
MNI152NLin2009cAsym,MNI152NLin6Asym,39,1467,1462,0.9211334926596108,-0.34083162917518744,0.5226829473294538,2.0,0.855419826196578
MNI152NLin2009cAsym,MNI152NLin6Asym,40,1820,1882,0.9038357644516477,3.4065934065934065,0.6536776165158491,2.0,1.4255041599372598
MNI152NLin2009cAsym,MNI152NLin6Asym,41,668,659,0.9314242652599849,-1.347305389221557,0.34532374100719426,2.0,0.6181270108729658
MNI152NLin2009cAsym,MNI152NLin6Asym,42,1855,1873,0.9281115879828327,0.9703504043126685,0.45392255768675727,2.0,2.1889375417774
MNI152NLin2009cAsym,MNI152NLin6Asym,43,1105,1120,0.9024719101123595,1.3574660633484164,0.5771565435787006,2.0,3.630449618292646
MNI152NLin2009cAsym,MNI152NLin6Asym,44,735,734,0.9244383934649422,-0.1360544217687075,0.3364297419478417,2.0,0.5901336114899259
MNI152NLin2009cAsym,MNI152NLin6Asym,45,591,574,0.9150214592274678,-2.8764805414551606,0.41561644082675686,2.0,1.1009938253525302
MNI152NLin2009cAsym,MNI152NLin6Asym,46,1005,1001,0.901296111665005,-0.39800995024875624,0.4652630822221368,2.0,2.1151523184087613
MNI152NLin2009cAsym,MNI152NLin6Asym,47,265,230,0.8646464646464647,-13.20754716981132,0.37872713929316876,2.0,0.906307029784859
MNI152NLin2009cAsym,MNI152NLin6Asym,48,5256,5485,0.9418117493715669,4.356925418569254,0.5528826215767778,2.0,0.24568796682939112
