source,target,resolution_mm,method,atlas,key,correlation
MNI152NLin6Asym,MNI152NLin2009cAsym,1,identity,brain,1,0.7026953030617231
MNI152NLin6Asym,MNI152NLin2009cAsym,1,identity,HOCPA,1,0.549261084800123
MNI152NLin6Asym,MNI152NLin2009cAsym,1,identity,HOCPA,2,0.8142114642109162
MNI152NLin6Asym,MNI152NLin2009cAsym,1,identity,HOCPA,3,0.605521384680595
MNI152NLin6Asym,MNI152NLin2009cAsym,1,identity,HOCPA,4,0.507564816114279
MNI152NLin6Asym,MNI152NLin2009cAsym,1,identity,HOCPA,5,0.43203334889097306
MNI152NLin6Asym,MNI152NLin2009cAsym,1,identity,HOCPA,6,0.7408739191983273
MNI152NLin6Asym,MNI152NLin2009cAsym,1,identity,HOCPA,7,0.6308173155212146
MNI152NLin6Asym,MNI152NLin2009cAsym,1,identity,HOCPA,8,0.5795331877325672
MNI152NLin6Asym,MNI152NLin2009cAsym,1,identity,HOCPA,9,0.4788085312783069
MNI152NLin6Asym,MNI152NLin2009cAsym,1,identity,HOCPA,10,0.5106997368699495
MNI152NLin6Asym,MNI152NLin2009cAsym,1,identity,HOCPA,11,0.3879081646286984
MNI152NLin6Asym,MNI152NLin2009cAsym,1,identity,HOCPA,12,0.5912294168689104
MNI152NLin6Asym,MNI152NLin2009cAsym,1,identity,HOCPA,13,0.522521309291165
MNI152NLin6Asym,MNI152NLin2009cAsym,1,identity,HOCPA,14,0.3663020408573762
MNI152NLin6Asym,MNI152NLin2009cAsym,1,identity,HOCPA,15,0.5783749244201873
MNI152NLin6Asym,MNI152NLin2009cAsym,1,identity,HOCPA,16,0.40337331932293585
MNI152NLin6Asym,MNI152NLin2009cAsym,1,identity,HOCPA,17,0.5398972080935086
MNI152NLin6Asym,MNI152NLin2009cAsym,1,identity,HOCPA,18,0.28306628757186786
MNI152NLin6Asym,MNI152NLin2009cAsym,1,identity,HOCPA,19,0.4749724322725232
MNI152NLin6Asym,MNI152NLin2009cAsym,1,identity,HOCPA,20,0.3669334792098199
MNI152NLin6Asym,MNI152NLin2009cAsym,1,identity,HOCPA,21,0.11997545242430498
MNI152NLin6Asym,MNI152NLin2009cAsym,1,identity,HOCPA,22,0.3813820743360169
MNI152NLin6Asym,MNI152NLin2009cAsym,1,identity,HOCPA,23,0.5660917930263314
MNI152NLin6Asym,MNI152NLin2009cAsym,1,identity,HOCPA,24,0.6813975418788875
MNI152NLin6Asym,MNI152NLin2009cAsym,1,identity,HOCPA,25,0.6690792937087073
MNI152NLin6Asym,MNI152NLin2009cAsym,1,identity,HOCPA,26,0.7545684402051082
MNI152NLin6Asym,MNI152NLin2009cAsym,1,identity,HOCPA,27,0.622623437445093
MNI152NLin6Asym,MNI152NLin2009cAsym,1,identity,HOCPA,28,0.7580629581843074
MNI152NLin6Asym,MNI152NLin2009cAsym,1,identity,HOCPA,29,0.846517542703775
MNI152NLin6Asym,MNI152NLin2009cAsym,1,identity,HOCPA,30,0.7735563154397082
MNI152NLin6Asym,MNI152NLin2009cAsym,1,identity,HOCPA,31,0.6565654346090928
MNI152NLin6Asym,MNI152NLin2009cAsym,1,identity,HOCPA,32,0.5165799734605518
MNI152NLin6Asym,MNI152NLin2009cAsym,1,identity,HOCPA,33,0.5280816130367816
MNI152NLin6Asym,MNI152NLin2009cAsym,1,identity,HOCPA,34,0.5725841827871497
MNI152NLin6Asym,MNI152NLin2009cAsym,1,identity,HOCPA,35,0.7309208825889077
MNI152NLin6Asym,MNI152NLin2009cAsym,1,identity,HOCPA,36,0.801417628860319
MNI152NLin6Asym,MNI152NLin2009cAsym,1,identity,HOCPA,37,0.27031969917299675
MNI152NLin6Asym,MNI152NLin2009cAsym,1,identity,HOCPA,38,0.6650440766005692
MNI152NLin6Asym,MNI152NLin2009cAsym,1,identity,HOCPA,39,0.7544211237831235
MNI152NLin6Asym,MNI152NLin2009cAsym,1,identity,HOCPA,40,0.4085690726297221
MNI152NLin6Asym,MNI152NLin2009cAsym,1,identity,HOCPA,41,0.8088877754819195
MNI152NLin6Asym,MNI152NLin2009cAsym,1,identity,HOCPA,42,0.8042999778352478
MNI152NLin6Asym,MNI152NLin2009cAsym,1,identity,HOCPA,43,0.701453800997039
MNI152NLin6Asym,MNI152NLin2009cAsym,1,identity,HOCPA,44,0.8588313438518651
MNI152NLin6Asym,MNI152NLin2009cAsym,1,identity,HOCPA,45,0.792371008808292
MNI152NLin6Asym,MNI152NLin2009cAsym,1,identity,HOCPA,46,0.7805117601747005
MNI152NLin6Asym,MNI152NLin2009cAsym,1,identity,HOCPA,47,0.6520124086739918
MNI152NLin6Asym,MNI152NLin2009cAsym,1,identity,HOCPA,48,0.6672429780846709
MNI152NLin6Asym,MNI152NLin2009cAsym,1,identity,HOSPA,1,0.578203412646202
MNI152NLin6Asym,MNI152NLin2009cAsym,1,identity,HOSPA,2,0.5823374128771708
MNI152NLin6Asym,MNI152NLin2009cAsym,1,identity,HOSPA,3,0.6447013051002272
MNI152NLin6Asym,MNI152NLin2009cAsym,1,identity,HOSPA,4,0.894941706155118
MNI152NLin6Asym,MNI152NLin2009cAsym,1,identity,HOSPA,5,0.5844431085579431
MNI152NLin6Asym,MNI152NLin2009cAsym,1,identity,HOSPA,6,0.7083649741416064
MNI152NLin6Asym,MNI152NLin2009cAsym,1,identity,HOSPA,7,0.5655117902686044
MNI152NLin6Asym,MNI152NLin2009cAsym,1,identity,HOSPA,8,0.5627675869719012
MNI152NLin6Asym,MNI152NLin2009cAsym,1,identity,HOSPA,9,0.7424943510784305
MNI152NLin6Asym,MNI152NLin2009cAsym,1,identity,HOSPA,10,0.7085551361808908
MNI152NLin6Asym,MNI152NLin2009cAsym,1,identity,HOSPA,11,0.7809984416578944
MNI152NLin6Asym,MNI152NLin2009cAsym,1,identity,HOSPA,12,0.6301071595174931
MNI152NLin6Asym,MNI152NLin2009cAsym,1,identity,HOSPA,13,0.673502848638052
MNI152NLin6Asym,MNI152NLin2009cAsym,1,identity,HOSPA,14,0.5873932201330382
MNI152NLin6Asym,MNI152NLin2009cAsym,1,identity,HOSPA,15,0.9386996380556772
MNI152NLin6Asym,MNI152NLin2009cAsym,1,identity,HOSPA,16,0.8577554150886717
MNI152NLin6Asym,MNI152NLin2009cAsym,1,identity,HOSPA,17,0.8812953792559071
MNI152NLin6Asym,MNI152NLin2009cAsym,1,identity,HOSPA,18,0.7648176504321768
MNI152NLin6Asym,MNI152NLin2009cAsym,1,identity,HOSPA,19,0.8130882251466439
MNI152NLin6Asym,MNI152NLin2009cAsym,1,identity,HOSPA,20,0.7849439342289395
MNI152NLin6Asym,MNI152NLin2009cAsym,1,identity,HOSPA,21,0.7985596252923751
MNI152NLin6Asym,MNI152NLin2009cAsym,1,warp,brain,1,0.8378246568683535
MNI152NLin6Asym,MNI152NLin2009cAsym,1,warp,HOCPA,1,0.812983148575375
MNI152NLin6Asym,MNI152NLin2009cAsym,1,warp,HOCPA,2,0.8714869939869248
MNI152NLin6Asym,MNI152NLin2009cAsym,1,warp,HOCPA,3,0.855769918828036
MNI152NLin6Asym,MNI152NLin2009cAsym,1,warp,HOCPA,4,0.8171070870286063
MNI152NLin6Asym,MNI152NLin2009cAsym,1,warp,HOCPA,5,0.816541368343239
MNI152NLin6Asym,MNI152NLin2009cAsym,1,warp,HOCPA,6,0.921410877110589
MNI152NLin6Asym,MNI152NLin2009cAsym,1,warp,HOCPA,7,0.8828303510432844
MNI152NLin6Asym,MNI152NLin2009cAsym,1,warp,HOCPA,8,0.8472099489939547
MNI152NLin6Asym,MNI152NLin2009cAsym,1,warp,HOCPA,9,0.7882407486914418
MNI152NLin6Asym,MNI152NLin2009cAsym,1,warp,HOCPA,10,0.7693212795173069
MNI152NLin6Asym,MNI152NLin2009cAsym,1,warp,HOCPA,11,0.848701084132393
MNI152NLin6Asym,MNI152NLin2009cAsym,1,warp,HOCPA,12,0.8071587701893782
MNI152NLin6Asym,MNI152NLin2009cAsym,1,warp,HOCPA,13,0.7378290313405567
MNI152NLin6Asym,MNI152NLin2009cAsym,1,warp,HOCPA,14,0.826368130243573
MNI152NLin6Asym,MNI152NLin2009cAsym,1,warp,HOCPA,15,0.8052957946266391
MNI152NLin6Asym,MNI152NLin2009cAsym,1,warp,HOCPA,16,0.6917966714160798
MNI152NLin6Asym,MNI152NLin2009cAsym,1,warp,HOCPA,17,0.8810671448697862
MNI152NLin6Asym,MNI152NLin2009cAsym,1,warp,HOCPA,18,0.7730417434145755
MNI152NLin6Asym,MNI152NLin2009cAsym,1,warp,HOCPA,19,0.821406923657761
MNI152NLin6Asym,MNI152NLin2009cAsym,1,warp,HOCPA,20,0.6473165328906458
MNI152NLin6Asym,MNI152NLin2009cAsym,1,warp,HOCPA,21,0.5050723693585444
MNI152NLin6Asym,MNI152NLin2009cAsym,1,warp,HOCPA,22,0.7594493864545523
MNI152NLin6Asym,MNI152NLin2009cAsym,1,warp,HOCPA,23,0.761333496510907
MNI152NLin6Asym,MNI152NLin2009cAsym,1,warp,HOCPA,24,0.8055165424152133
MNI152NLin6Asym,MNI152NLin2009cAsym,1,warp,HOCPA,25,0.8771734080570374
MNI152NLin6Asym,MNI152NLin2009cAsym,1,warp,HOCPA,26,0.8496860947057777
MNI152NLin6Asym,MNI152NLin2009cAsym,1,warp,HOCPA,27,0.709691029221207
MNI152NLin6Asym,MNI152NLin2009cAsym,1,warp,HOCPA,28,0.8466048750621724
MNI152NLin6Asym,MNI152NLin2009cAsym,1,warp,HOCPA,29,0.8998620302481358
MNI152NLin6Asym,MNI152NLin2009cAsym,1,warp,HOCPA,30,0.8569557542846132
MNI152NLin6Asym,MNI152NLin2009cAsym,1,warp,HOCPA,31,0.7681900128396641
MNI152NLin6Asym,MNI152NLin2009cAsym,1,warp,HOCPA,32,0.7365754373314743
MNI152NLin6Asym,MNI152NLin2009cAsym,1,warp,HOCPA,33,0.8610380256953604
MNI152NLin6Asym,MNI152NLin2009cAsym,1,warp,HOCPA,34,0.7580599503043468
MNI152NLin6Asym,MNI152NLin2009cAsym,1,warp,HOCPA,35,0.8346982735636771
MNI152NLin6Asym,MNI152NLin2009cAsym,1,warp,HOCPA,36,0.816570099118039
MNI152NLin6Asym,MNI152NLin2009cAsym,1,warp,HOCPA,37,0.7255473793385793
MNI152NLin6Asym,MNI152NLin2009cAsym,1,warp,HOCPA,38,0.8558389707087012
MNI152NLin6Asym,MNI152NLin2009cAsym,1,warp,HOCPA,39,0.8625434234952021
MNI152NLin6Asym,MNI152NLin2009cAsym,1,warp,HOCPA,40,0.5951427575293932
MNI152NLin6Asym,MNI152NLin2009cAsym,1,warp,HOCPA,41,0.8725330260975378
MNI152NLin6Asym,MNI152NLin2009cAsym,1,warp,HOCPA,42,0.8867142862045239
MNI152NLin6Asym,MNI152NLin2009cAsym,1,warp,HOCPA,43,0.8797263229362046
MNI152NLin6Asym,MNI152NLin2009cAsym,1,warp,HOCPA,44,0.9271762312704798
MNI152NLin6Asym,MNI152NLin2009cAsym,1,warp,HOCPA,45,0.913243980283945
MNI152NLin6Asym,MNI152NLin2009cAsym,1,warp,HOCPA,46,0.8775988390293724
MNI152NLin6Asym,MNI152NLin2009cAsym,1,warp,HOCPA,47,0.7320200348186593
MNI152NLin6Asym,MNI152NLin2009cAsym,1,warp,HOCPA,48,0.823711971361935
MNI152NLin6Asym,MNI152NLin2009cAsym,1,warp,HOSPA,1,0.8114932346511412
MNI152NLin6Asym,MNI152NLin2009cAsym,1,warp,HOSPA,2,0.8033269141814074
MNI152NLin6Asym,MNI152NLin2009cAsym,1,warp,HOSPA,3,0.7847389770367378
MNI152NLin6Asym,MNI152NLin2009cAsym,1,warp,HOSPA,4,0.9399595569541173
MNI152NLin6Asym,MNI152NLin2009cAsym,1,warp,HOSPA,5,0.8141211688983894
MNI152NLin6Asym,MNI152NLin2009cAsym,1,warp,HOSPA,6,0.9134217894392971
MNI152NLin6Asym,MNI152NLin2009cAsym,1,warp,HOSPA,7,0.8835187038376936
MNI152NLin6Asym,MNI152NLin2009cAsym,1,warp,HOSPA,8,0.7043155470791097
MNI152NLin6Asym,MNI152NLin2009cAsym,1,warp,HOSPA,9,0.8363572083249543
MNI152NLin6Asym,MNI152NLin2009cAsym,1,warp,HOSPA,10,0.7710671753145393
MNI152NLin6Asym,MNI152NLin2009cAsym,1,warp,HOSPA,11,0.9106146286476066
MNI152NLin6Asym,MNI152NLin2009cAsym,1,warp,HOSPA,12,0.7965109357717709
MNI152NLin6Asym,MNI152NLin2009cAsym,1,warp,HOSPA,13,0.8241125622815075
MNI152NLin6Asym,MNI152NLin2009cAsym,1,warp,HOSPA,14,0.7355057129602628
MNI152NLin6Asym,MNI152NLin2009cAsym,1,warp,HOSPA,15,0.9562466998697345
MNI152NLin6Asym,MNI152NLin2009cAsym,1,warp,HOSPA,16,0.8767262125108322
MNI152NLin6Asym,MNI152NLin2009cAsym,1,warp,HOSPA,17,0.9298851797518198
MNI152NLin6Asym,MNI152NLin2009cAsym,1,warp,HOSPA,18,0.8581891292959082
MNI152NLin6Asym,MNI152NLin2009cAsym,1,warp,HOSPA,19,0.8419094762741165
MNI152NLin6Asym,MNI152NLin2009cAsym,1,warp,HOSPA,20,0.8103199433238012
MNI152NLin6Asym,MNI152NLin2009cAsym,1,warp,HOSPA,21,0.9464340619816274
MNI152NLin6Asym,MNI152NLin2009cAsym,2,identity,brain,1,0.7356347829234637
MNI152NLin6Asym,MNI152NLin2009cAsym,2,identity,HOCPA,1,0.5878652489779143
MNI152NLin6Asym,MNI152NLin2009cAsym,2,identity,HOCPA,2,0.8404168715696992
MNI152NLin6Asym,MNI152NLin2009cAsym,2,identity,HOCPA,3,0.6285657435703854
MNI152NLin6Asym,MNI152NLin2009cAsym,2,identity,HOCPA,4,0.5378020412736164
MNI152NLin6Asym,MNI152NLin2009cAsym,2,identity,HOCPA,5,0.49189500740017433
MNI152NLin6Asym,MNI152NLin2009cAsym,2,identity,HOCPA,6,0.779091794974872
MNI152NLin6Asym,MNI152NLin2009cAsym,2,identity,HOCPA,7,0.6602067117353537
MNI152NLin6Asym,MNI152NLin2009cAsym,2,identity,HOCPA,8,0.6161134855282636
MNI152NLin6Asym,MNI152NLin2009cAsym,2,identity,HOCPA,9,0.5220409941938641
MNI152NLin6Asym,MNI152NLin2009cAsym,2,identity,HOCPA,10,0.5494478686236102
MNI152NLin6Asym,MNI152NLin2009cAsym,2,identity,HOCPA,11,0.402981571299382
MNI152NLin6Asym,MNI152NLin2009cAsym,2,identity,HOCPA,12,0.5902769804598332
MNI152NLin6Asym,MNI152NLin2009cAsym,2,identity,HOCPA,13,0.546887393156352
MNI152NLin6Asym,MNI152NLin2009cAsym,2,identity,HOCPA,14,0.44643545767142745
MNI152NLin6Asym,MNI152NLin2009cAsym,2,identity,HOCPA,15,0.6207871880086473
MNI152NLin6Asym,MNI152NLin2009cAsym,2,identity,HOCPA,16,0.44905989857239215
MNI152NLin6Asym,MNI152NLin2009cAsym,2,identity,HOCPA,17,0.5672054292290303
MNI152NLin6Asym,MNI152NLin2009cAsym,2,identity,HOCPA,18,0.2932160776994134
MNI152NLin6Asym,MNI152NLin2009cAsym,2,identity,HOCPA,19,0.48823165285375086
MNI152NLin6Asym,MNI152NLin2009cAsym,2,identity,HOCPA,20,0.3819107931914334
MNI152NLin6Asym,MNI152NLin2009cAsym,2,identity,HOCPA,21,0.1403840062265148
MNI152NLin6Asym,MNI152NLin2009cAsym,2,identity,HOCPA,22,0.41897592325732197
MNI152NLin6Asym,MNI152NLin2009cAsym,2,identity,HOCPA,23,0.61090335204543
MNI152NLin6Asym,MNI152NLin2009cAsym,2,identity,HOCPA,24,0.7142773451891461
MNI152NLin6Asym,MNI152NLin2009cAsym,2,identity,HOCPA,25,0.7008981853038772
MNI152NLin6Asym,MNI152NLin2009cAsym,2,identity,HOCPA,26,0.7773828476649447
MNI152NLin6Asym,MNI152NLin2009cAsym,2,identity,HOCPA,27,0.6138966784350773
MNI152NLin6Asym,MNI152NLin2009cAsym,2,identity,HOCPA,28,0.7769820124654818
MNI152NLin6Asym,MNI152NLin2009cAsym,2,identity,HOCPA,29,0.8619788715719487
MNI152NLin6Asym,MNI152NLin2009cAsym,2,identity,HOCPA,30,0.8020804134787682
MNI152NLin6Asym,MNI152NLin2009cAsym,2,identity,HOCPA,31,0.6875736394278006
MNI152NLin6Asym,MNI152NLin2009cAsym,2,identity,HOCPA,32,0.5290393753013304
MNI152NLin6Asym,MNI152NLin2009cAsym,2,identity,HOCPA,33,0.5607578675890114
MNI152NLin6Asym,MNI152NLin2009cAsym,2,identity,HOCPA,34,0.6133361247582387
MNI152NLin6Asym,MNI152NLin2009cAsym,2,identity,HOCPA,35,0.7271151694056626
MNI152NLin6Asym,MNI152NLin2009cAsym,2,identity,HOCPA,36,0.8120837987360942
MNI152NLin6Asym,MNI152NLin2009cAsym,2,identity,HOCPA,37,0.3424381904639754
MNI152NLin6Asym,MNI152NLin2009cAsym,2,identity,HOCPA,38,0.7247255694090945
MNI152NLin6Asym,MNI152NLin2009cAsym,2,identity,HOCPA,39,0.7693953290431046
MNI152NLin6Asym,MNI152NLin2009cAsym,2,identity,HOCPA,40,0.43328384637103223
MNI152NLin6Asym,MNI152NLin2009cAsym,2,identity,HOCPA,41,0.8258659495779539
MNI152NLin6Asym,MNI152NLin2009cAsym,2,identity,HOCPA,42,0.8282064596360597
MNI152NLin6Asym,MNI152NLin2009cAsym,2,identity,HOCPA,43,0.7113757622730023
MNI152NLin6Asym,MNI152NLin2009cAsym,2,identity,HOCPA,44,0.8739029655977648
MNI152NLin6Asym,MNI152NLin2009cAsym,2,identity,HOCPA,45,0.817352088141476
MNI152NLin6Asym,MNI152NLin2009cAsym,2,identity,HOCPA,46,0.8058498767027683
MNI152NLin6Asym,MNI152NLin2009cAsym,2,identity,HOCPA,47,0.7187005658431409
MNI152NLin6Asym,MNI152NLin2009cAsym,2,identity,HOCPA,48,0.7241907571993296
MNI152NLin6Asym,MNI152NLin2009cAsym,2,identity,HOSPA,1,0.5779529827331013
MNI152NLin6Asym,MNI152NLin2009cAsym,2,identity,HOSPA,2,0.6134695373434573
MNI152NLin6Asym,MNI152NLin2009cAsym,2,identity,HOSPA,3,0.7095194939103111
MNI152NLin6Asym,MNI152NLin2009cAsym,2,identity,HOSPA,4,0.9002915397740059
MNI152NLin6Asym,MNI152NLin2009cAsym,2,identity,HOSPA,5,0.6376776411561608
MNI152NLin6Asym,MNI152NLin2009cAsym,2,identity,HOSPA,6,0.7279403586526009
MNI152NLin6Asym,MNI152NLin2009cAsym,2,identity,HOSPA,7,0.5861908133546972
MNI152NLin6Asym,MNI152NLin2009cAsym,2,identity,HOSPA,8,0.5774733289230581
MNI152NLin6Asym,MNI152NLin2009cAsym,2,identity,HOSPA,9,0.7845019850123133
MNI152NLin6Asym,MNI152NLin2009cAsym,2,identity,HOSPA,10,0.7076154365728243
MNI152NLin6Asym,MNI152NLin2009cAsym,2,identity,HOSPA,11,0.847425714635906
MNI152NLin6Asym,MNI152NLin2009cAsym,2,identity,HOSPA,12,0.6284269788680471
MNI152NLin6Asym,MNI152NLin2009cAsym,2,identity,HOSPA,13,0.6954292953980631
MNI152NLin6Asym,MNI152NLin2009cAsym,2,identity,HOSPA,14,0.6931726777238688
MNI152NLin6Asym,MNI152NLin2009cAsym,2,identity,HOSPA,15,0.9409789940024793
MNI152NLin6Asym,MNI152NLin2009cAsym,2,identity,HOSPA,16,0.8565747635167984
MNI152NLin6Asym,MNI152NLin2009cAsym,2,identity,HOSPA,17,0.904437878337734
MNI152NLin6Asym,MNI152NLin2009cAsym,2,identity,HOSPA,18,0.7726458498775126
MNI152NLin6Asym,MNI152NLin2009cAsym,2,identity,HOSPA,19,0.8380008750454202
MNI152NLin6Asym,MNI152NLin2009cAsym,2,identity,HOSPA,20,0.7645973622282582
MNI152NLin6Asym,MNI152NLin2009cAsym,2,identity,HOSPA,21,0.8370746130307313
MNI152NLin6Asym,MNI152NLin2009cAsym,2,warp,brain,1,0.8493694328783855
MNI152NLin6Asym,MNI152NLin2009cAsym,2,warp,HOCPA,1,0.8170644213301513
MNI152NLin6Asym,MNI152NLin2009cAsym,2,warp,HOCPA,2,0.8935402322038656
MNI152NLin6Asym,MNI152NLin2009cAsym,2,warp,HOCPA,3,0.8666490052853411
MNI152NLin6Asym,MNI152NLin2009cAsym,2,warp,HOCPA,4,0.8241901426457534
MNI152NLin6Asym,MNI152NLin2009cAsym,2,warp,HOCPA,5,0.8272699239994927
MNI152NLin6Asym,MNI152NLin2009cAsym,2,warp,HOCPA,6,0.9337662370410662
MNI152NLin6Asym,MNI152NLin2009cAsym,2,warp,HOCPA,7,0.8906687636937289
MNI152NLin6Asym,MNI152NLin2009cAsym,2,warp,HOCPA,8,0.8534656389283931
MNI152NLin6Asym,MNI152NLin2009cAsym,2,warp,HOCPA,9,0.8066640237511555
MNI152NLin6Asym,MNI152NLin2009cAsym,2,warp,HOCPA,10,0.7839168209919014
MNI152NLin6Asym,MNI152NLin2009cAsym,2,warp,HOCPA,11,0.8399237447326934
MNI152NLin6Asym,MNI152NLin2009cAsym,2,warp,HOCPA,12,0.8049580657126763
MNI152NLin6Asym,MNI152NLin2009cAsym,2,warp,HOCPA,13,0.7416762435006434
MNI152NLin6Asym,MNI152NLin2009cAsym,2,warp,HOCPA,14,0.8367749437208394
MNI152NLin6Asym,MNI152NLin2009cAsym,2,warp,HOCPA,15,0.8000025387939584
MNI152NLin6Asym,MNI152NLin2009cAsym,2,warp,HOCPA,16,0.7267299336740219
MNI152NLin6Asym,MNI152NLin2009cAsym,2,warp,HOCPA,17,0.8864060690383324
MNI152NLin6Asym,MNI152NLin2009cAsym,2,warp,HOCPA,18,0.7818749743461197
MNI152NLin6Asym,MNI152NLin2009cAsym,2,warp,HOCPA,19,0.8296968735832031
MNI152NLin6Asym,MNI152NLin2009cAsym,2,warp,HOCPA,20,0.6494573349194611
MNI152NLin6Asym,MNI152NLin2009cAsym,2,warp,HOCPA,21,0.5118999810365229
MNI152NLin6Asym,MNI152NLin2009cAsym,2,warp,HOCPA,22,0.7704404227874411
MNI152NLin6Asym,MNI152NLin2009cAsym,2,warp,HOCPA,23,0.7842881678631781
MNI152NLin6Asym,MNI152NLin2009cAsym,2,warp,HOCPA,24,0.8336669670304474
MNI152NLin6Asym,MNI152NLin2009cAsym,2,warp,HOCPA,25,0.8793417920884924
MNI152NLin6Asym,MNI152NLin2009cAsym,2,warp,HOCPA,26,0.8653632844274735
MNI152NLin6Asym,MNI152NLin2009cAsym,2,warp,HOCPA,27,0.6968674800670556
MNI152NLin6Asym,MNI152NLin2009cAsym,2,warp,HOCPA,28,0.86185496677376
MNI152NLin6Asym,MNI152NLin2009cAsym,2,warp,HOCPA,29,0.9056220398293181
MNI152NLin6Asym,MNI152NLin2009cAsym,2,warp,HOCPA,30,0.8681121297268011
MNI152NLin6Asym,MNI152NLin2009cAsym,2,warp,HOCPA,31,0.7943903029920906
MNI152NLin6Asym,MNI152NLin2009cAsym,2,warp,HOCPA,32,0.751930677476728
MNI152NLin6Asym,MNI152NLin2009cAsym,2,warp,HOCPA,33,0.8680031615932988
MNI152NLin6Asym,MNI152NLin2009cAsym,2,warp,HOCPA,34,0.7733919898344934
MNI152NLin6Asym,MNI152NLin2009cAsym,2,warp,HOCPA,35,0.8269283165222306
MNI152NLin6Asym,MNI152NLin2009cAsym,2,warp,HOCPA,36,0.8362131639663242
MNI152NLin6Asym,MNI152NLin2009cAsym,2,warp,HOCPA,37,0.7590002184951257
MNI152NLin6Asym,MNI152NLin2009cAsym,2,warp,HOCPA,38,0.8702771683875243
MNI152NLin6Asym,MNI152NLin2009cAsym,2,warp,HOCPA,39,0.8762737622938993
MNI152NLin6Asym,MNI152NLin2009cAsym,2,warp,HOCPA,40,0.61032388835407
MNI152NLin6Asym,MNI152NLin2009cAsym,2,warp,HOCPA,41,0.8941719210154292
MNI152NLin6Asym,MNI152NLin2009cAsym,2,warp,HOCPA,42,0.9073772966440957
MNI152NLin6Asym,MNI152NLin2009cAsym,2,warp,HOCPA,43,0.9022408620454817
MNI152NLin6Asym,MNI152NLin2009cAsym,2,warp,HOCPA,44,0.9358526077152963
MNI152NLin6Asym,MNI152NLin2009cAsym,2,warp,HOCPA,45,0.9330828367826365
MNI152NLin6Asym,MNI152NLin2009cAsym,2,warp,HOCPA,46,0.896394038979865
MNI152NLin6Asym,MNI152NLin2009cAsym,2,warp,HOCPA,47,0.7626585116901524
MNI152NLin6Asym,MNI152NLin2009cAsym,2,warp,HOCPA,48,0.8430683374190447
MNI152NLin6Asym,MNI152NLin2009cAsym,2,warp,HOSPA,1,0.8076503272283764
MNI152NLin6Asym,MNI152NLin2009cAsym,2,warp,HOSPA,2,0.8102436733689496
MNI152NLin6Asym,MNI152NLin2009cAsym,2,warp,HOSPA,3,0.7720106809747022
MNI152NLin6Asym,MNI152NLin2009cAsym,2,warp,HOSPA,4,0.9484064213983071
MNI152NLin6Asym,MNI152NLin2009cAsym,2,warp,HOSPA,5,0.8376312304850141
MNI152NLin6Asym,MNI152NLin2009cAsym,2,warp,HOSPA,6,0.9179905763338728
MNI152NLin6Asym,MNI152NLin2009cAsym,2,warp,HOSPA,7,0.8921184743209483
MNI152NLin6Asym,MNI152NLin2009cAsym,2,warp,HOSPA,8,0.7112489382001245
MNI152NLin6Asym,MNI152NLin2009cAsym,2,warp,HOSPA,9,0.8556590006531983
MNI152NLin6Asym,MNI152NLin2009cAsym,2,warp,HOSPA,10,0.7688781753748929
MNI152NLin6Asym,MNI152NLin2009cAsym,2,warp,HOSPA,11,0.9009544352457063
MNI152NLin6Asym,MNI152NLin2009cAsym,2,warp,HOSPA,12,0.7911646780384985
MNI152NLin6Asym,MNI152NLin2009cAsym,2,warp,HOSPA,13,0.8309350128249847
MNI152NLin6Asym,MNI152NLin2009cAsym,2,warp,HOSPA,14,0.7665759572950149
MNI152NLin6Asym,MNI152NLin2009cAsym,2,warp,HOSPA,15,0.9546387604749147
MNI152NLin6Asym,MNI152NLin2009cAsym,2,warp,HOSPA,16,0.8827283192041159
MNI152NLin6Asym,MNI152NLin2009cAsym,2,warp,HOSPA,17,0.9329770711543633
MNI152NLin6Asym,MNI152NLin2009cAsym,2,warp,HOSPA,18,0.8619766397337534
MNI152NLin6Asym,MNI152NLin2009cAsym,2,warp,HOSPA,19,0.8553886059943718
MNI152NLin6Asym,MNI152NLin2009cAsym,2,warp,HOSPA,20,0.8153333898359114
MNI152NLin6Asym,MNI152NLin2009cAsym,2,warp,HOSPA,21,0.9602924909628832
MNI152NLin2009cAsym,MNI152NLin6Asym,1,identity,brain,1,0.7035274702294672
MNI152NLin2009cAsym,MNI152NLin6Asym,1,identity,HOCPA,1,0.5236399887306935
MNI152NLin2009cAsym,MNI152NLin6Asym,1,identity,HOCPA,2,0.8301095528959085
MNI152NLin2009cAsym,MNI152NLin6Asym,1,identity,HOCPA,3,0.570510543122265
MNI152NLin2009cAsym,MNI152NLin6Asym,1,identity,HOCPA,4,0.5302926564357777
MNI152NLin2009cAsym,MNI152NLin6Asym,1,identity,HOCPA,5,0.677104754327329
MNI152NLin2009cAsym,MNI152NLin6Asym,1,identity,HOCPA,6,0.7901865787757205
MNI152NLin2009cAsym,MNI152NLin6Asym,1,identity,HOCPA,7,0.6601186082006835
MNI152NLin2009cAsym,MNI152NLin6Asym,1,identity,HOCPA,8,0.567415993038635
MNI152NLin2009cAsym,MNI152NLin6Asym,1,identity,HOCPA,9,0.7091511296903418
MNI152NLin2009cAsym,MNI152NLin6Asym,1,identity,HOCPA,10,0.6753856556019381
MNI152NLin2009cAsym,MNI152NLin6Asym,1,identity,HOCPA,11,0.504436008894138
MNI152NLin2009cAsym,MNI152NLin6Asym,1,identity,HOCPA,12,0.5553663063397162
MNI152NLin2009cAsym,MNI152NLin6Asym,1,identity,HOCPA,13,0.5219494192066827
MNI152NLin2009cAsym,MNI152NLin6Asym,1,identity,HOCPA,14,0.5771853983238743
MNI152NLin2009cAsym,MNI152NLin6Asym,1,identity,HOCPA,15,0.4986937202853446
MNI152NLin2009cAsym,MNI152NLin6Asym,1,identity,HOCPA,16,0.3230571924004998
MNI152NLin2009cAsym,MNI152NLin6Asym,1,identity,HOCPA,17,0.5951280942212088
MNI152NLin2009cAsym,MNI152NLin6Asym,1,identity,HOCPA,18,0.260004707354194
MNI152NLin2009cAsym,MNI152NLin6Asym,1,identity,HOCPA,19,0.6066311401637311
MNI152NLin2009cAsym,MNI152NLin6Asym,1,identity,HOCPA,20,0.42794761055121233
MNI152NLin2009cAsym,MNI152NLin6Asym,1,identity,HOCPA,21,0.22369431151637312
MNI152NLin2009cAsym,MNI152NLin6Asym,1,identity,HOCPA,22,0.34088078752732426
MNI152NLin2009cAsym,MNI152NLin6Asym,1,identity,HOCPA,23,0.2943099769846099
MNI152NLin2009cAsym,MNI152NLin6Asym,1,identity,HOCPA,24,0.6561965926259018
MNI152NLin2009cAsym,MNI152NLin6Asym,1,identity,HOCPA,25,0.6264069968285677
MNI152NLin2009cAsym,MNI152NLin6Asym,1,identity,HOCPA,26,0.7762827961902858
MNI152NLin2009cAsym,MNI152NLin6Asym,1,identity,HOCPA,27,0.648571146811941
MNI152NLin2009cAsym,MNI152NLin6Asym,1,identity,HOCPA,28,0.7565716216185906
MNI152NLin2009cAsym,MNI152NLin6Asym,1,identity,HOCPA,29,0.8700112017573869
MNI152NLin2009cAsym,MNI152NLin6Asym,1,identity,HOCPA,30,0.7521127265395894
MNI152NLin2009cAsym,MNI152NLin6Asym,1,identity,HOCPA,31,0.6850435414441478
MNI152NLin2009cAsym,MNI152NLin6Asym,1,identity,HOCPA,32,0.6295391284119172
MNI152NLin2009cAsym,MNI152NLin6Asym,1,identity,HOCPA,33,0.6028254381658301
MNI152NLin2009cAsym,MNI152NLin6Asym,1,identity,HOCPA,34,0.52965798188114
MNI152NLin2009cAsym,MNI152NLin6Asym,1,identity,HOCPA,35,0.7100254430517107
MNI152NLin2009cAsym,MNI152NLin6Asym,1,identity,HOCPA,36,0.8259291134783688
MNI152NLin2009cAsym,MNI152NLin6Asym,1,identity,HOCPA,37,0.45493946371418215
MNI152NLin2009cAsym,MNI152NLin6Asym,1,identity,HOCPA,38,0.5882531150485153
MNI152NLin2009cAsym,MNI152NLin6Asym,1,identity,HOCPA,39,0.7670570765208817
MNI152NLin2009cAsym,MNI152NLin6Asym,1,identity,HOCPA,40,0.42551134680092917
MNI152NLin2009cAsym,MNI152NLin6Asym,1,identity,HOCPA,41,0.8096663296156373
MNI152NLin2009cAsym,MNI152NLin6Asym,1,identity,HOCPA,42,0.7937009980351718
MNI152NLin2009cAsym,MNI152NLin6Asym,1,identity,HOCPA,43,0.6877269176304011
MNI152NLin2009cAsym,MNI152NLin6Asym,1,identity,HOCPA,44,0.8685005461990308
MNI152NLin2009cAsym,MNI152NLin6Asym,1,identity,HOCPA,45,0.807799167818931
MNI152NLin2009cAsym,MNI152NLin6Asym,1,identity,HOCPA,46,0.784573965846226
MNI152NLin2009cAsym,MNI152NLin6Asym,1,identity,HOCPA,47,0.6694633815510461
MNI152NLin2009cAsym,MNI152NLin6Asym,1,identity,HOCPA,48,0.44492259188407696
MNI152NLin2009cAsym,MNI152NLin6Asym,1,identity,HOSPA,1,0.607438232109656
MNI152NLin2009cAsym,MNI152NLin6Asym,1,identity,HOSPA,2,0.4947476029317043
MNI152NLin2009cAsym,MNI152NLin6Asym,1,identity,HOSPA,3,0.6678063520868375
MNI152NLin2009cAsym,MNI152NLin6Asym,1,identity,HOSPA,4,0.8966689324404287
MNI152NLin2009cAsym,MNI152NLin6Asym,1,identity,HOSPA,5,0.5780423228608658
MNI152NLin2009cAsym,MNI152NLin6Asym,1,identity,HOSPA,6,0.8205119679023245
MNI152NLin2009cAsym,MNI152NLin6Asym,1,identity,HOSPA,7,0.7673590989500269
MNI152NLin2009cAsym,MNI152NLin6Asym,1,identity,HOSPA,8,0.6682287471073406
MNI152NLin2009cAsym,MNI152NLin6Asym,1,identity,HOSPA,9,0.7151970124940658
MNI152NLin2009cAsym,MNI152NLin6Asym,1,identity,HOSPA,10,0.6690855264264144
MNI152NLin2009cAsym,MNI152NLin6Asym,1,identity,HOSPA,11,0.7872340349762894
MNI152NLin2009cAsym,MNI152NLin6Asym,1,identity,HOSPA,12,0.6318340985964688
MNI152NLin2009cAsym,MNI152NLin6Asym,1,identity,HOSPA,13,0.598490161902067
MNI152NLin2009cAsym,MNI152NLin6Asym,1,identity,HOSPA,14,0.6715934999602285
MNI152NLin2009cAsym,MNI152NLin6Asym,1,identity,HOSPA,15,0.9498716179167463
MNI152NLin2009cAsym,MNI152NLin6Asym,1,identity,HOSPA,16,0.787973026583112
MNI152NLin2009cAsym,MNI152NLin6Asym,1,identity,HOSPA,17,0.8886235720996707
MNI152NLin2009cAsym,MNI152NLin6Asym,1,identity,HOSPA,18,0.8180053002937832
MNI152NLin2009cAsym,MNI152NLin6Asym,1,identity,HOSPA,19,0.7976661364471626
MNI152NLin2009cAsym,MNI152NLin6Asym,1,identity,HOSPA,20,0.7875036091333549
MNI152NLin2009cAsym,MNI152NLin6Asym,1,identity,HOSPA,21,0.9459161741391322
MNI152NLin2009cAsym,MNI152NLin6Asym,1,warp,brain,1,0.8261090289370572
MNI152NLin2009cAsym,MNI152NLin6Asym,1,warp,HOCPA,1,0.8258750870928315
MNI152NLin2009cAsym,MNI152NLin6Asym,1,warp,HOCPA,2,0.8881822173603032
MNI152NLin2009cAsym,MNI152NLin6Asym,1,warp,HOCPA,3,0.8606281054919033
MNI152NLin2009cAsym,MNI152NLin6Asym,1,warp,HOCPA,4,0.8376398720248239
MNI152NLin2009cAsym,MNI152NLin6Asym,1,warp,HOCPA,5,0.8318046736270468
MNI152NLin2009cAsym,MNI152NLin6Asym,1,warp,HOCPA,6,0.9285181453785702
MNI152NLin2009cAsym,MNI152NLin6Asym,1,warp,HOCPA,7,0.8905718202658656
MNI152NLin2009cAsym,MNI152NLin6Asym,1,warp,HOCPA,8,0.85365964995198
MNI152NLin2009cAsym,MNI152NLin6Asym,1,warp,HOCPA,9,0.8031241682195823
MNI152NLin2009cAsym,MNI152NLin6Asym,1,warp,HOCPA,10,0.7541632477420173
MNI152NLin2009cAsym,MNI152NLin6Asym,1,warp,HOCPA,11,0.8372215110301905
MNI152NLin2009cAsym,MNI152NLin6Asym,1,warp,HOCPA,12,0.8047182698819979
MNI152NLin2009cAsym,MNI152NLin6Asym,1,warp,HOCPA,13,0.7462511041301776
MNI152NLin2009cAsym,MNI152NLin6Asym,1,warp,HOCPA,14,0.8454273656816935
MNI152NLin2009cAsym,MNI152NLin6Asym,1,warp,HOCPA,15,0.8056225876100488
MNI152NLin2009cAsym,MNI152NLin6Asym,1,warp,HOCPA,16,0.6941557281541667
MNI152NLin2009cAsym,MNI152NLin6Asym,1,warp,HOCPA,17,0.8833663282010028
MNI152NLin2009cAsym,MNI152NLin6Asym,1,warp,HOCPA,18,0.787580745406034
MNI152NLin2009cAsym,MNI152NLin6Asym,1,warp,HOCPA,19,0.8167611438298348
MNI152NLin2009cAsym,MNI152NLin6Asym,1,warp,HOCPA,20,0.6287151317847887
MNI152NLin2009cAsym,MNI152NLin6Asym,1,warp,HOCPA,21,0.586953006195834
MNI152NLin2009cAsym,MNI152NLin6Asym,1,warp,HOCPA,22,0.7909196773582867
MNI152NLin2009cAsym,MNI152NLin6Asym,1,warp,HOCPA,23,0.7822110069759881
MNI152NLin2009cAsym,MNI152NLin6Asym,1,warp,HOCPA,24,0.8258110466487075
MNI152NLin2009cAsym,MNI152NLin6Asym,1,warp,HOCPA,25,0.8814429560495088
MNI152NLin2009cAsym,MNI152NLin6Asym,1,warp,HOCPA,26,0.8656852471955675
MNI152NLin2009cAsym,MNI152NLin6Asym,1,warp,HOCPA,27,0.7031083197385759
MNI152NLin2009cAsym,MNI152NLin6Asym,1,warp,HOCPA,28,0.8614956065479398
MNI152NLin2009cAsym,MNI152NLin6Asym,1,warp,HOCPA,29,0.9172917298196959
MNI152NLin2009cAsym,MNI152NLin6Asym,1,warp,HOCPA,30,0.8717884005051677
MNI152NLin2009cAsym,MNI152NLin6Asym,1,warp,HOCPA,31,0.8009790380521626
MNI152NLin2009cAsym,MNI152NLin6Asym,1,warp,HOCPA,32,0.7621533326318793
MNI152NLin2009cAsym,MNI152NLin6Asym,1,warp,HOCPA,33,0.8739498251715481
MNI152NLin2009cAsym,MNI152NLin6Asym,1,warp,HOCPA,34,0.7682922332987754
MNI152NLin2009cAsym,MNI152NLin6Asym,1,warp,HOCPA,35,0.8200735920463592
MNI152NLin2009cAsym,MNI152NLin6Asym,1,warp,HOCPA,36,0.8269668319292809
MNI152NLin2009cAsym,MNI152NLin6Asym,1,warp,HOCPA,37,0.7732095699934138
MNI152NLin2009cAsym,MNI152NLin6Asym,1,warp,HOCPA,38,0.870255715791141
MNI152NLin2009cAsym,MNI152NLin6Asym,1,warp,HOCPA,39,0.8695709649538907
MNI152NLin2009cAsym,MNI152NLin6Asym,1,warp,HOCPA,40,0.5664223938724962
MNI152NLin2009cAsym,MNI152NLin6Asym,1,warp,HOCPA,41,0.8932392719011176
MNI152NLin2009cAsym,MNI152NLin6Asym,1,warp,HOCPA,42,0.9028731155622177
MNI152NLin2009cAsym,MNI152NLin6Asym,1,warp,HOCPA,43,0.9012737538417437
MNI152NLin2009cAsym,MNI152NLin6Asym,1,warp,HOCPA,44,0.9345648000005268
MNI152NLin2009cAsym,MNI152NLin6Asym,1,warp,HOCPA,45,0.9263669186300029
MNI152NLin2009cAsym,MNI152NLin6Asym,1,warp,HOCPA,46,0.9008534672487459
MNI152NLin2009cAsym,MNI152NLin6Asym,1,warp,HOCPA,47,0.7513713810636484
MNI152NLin2009cAsym,MNI152NLin6Asym,1,warp,HOCPA,48,0.8269531851187915
MNI152NLin2009cAsym,MNI152NLin6Asym,1,warp,HOSPA,1,0.7751545919586345
MNI152NLin2009cAsym,MNI152NLin6Asym,1,warp,HOSPA,2,0.8161427240110048
MNI152NLin2009cAsym,MNI152NLin6Asym,1,warp,HOSPA,3,0.8296578523240468
MNI152NLin2009cAsym,MNI152NLin6Asym,1,warp,HOSPA,4,0.9379344961149358
MNI152NLin2009cAsym,MNI152NLin6Asym,1,warp,HOSPA,5,0.7838929043872077
MNI152NLin2009cAsym,MNI152NLin6Asym,1,warp,HOSPA,6,0.913740339316521
MNI152NLin2009cAsym,MNI152NLin6Asym,1,warp,HOSPA,7,0.8834488395498076
MNI152NLin2009cAsym,MNI152NLin6Asym,1,warp,HOSPA,8,0.7168958852311496
MNI152NLin2009cAsym,MNI152NLin6Asym,1,warp,HOSPA,9,0.841980051002815
MNI152NLin2009cAsym,MNI152NLin6Asym,1,warp,HOSPA,10,0.7777714215795724
MNI152NLin2009cAsym,MNI152NLin6Asym,1,warp,HOSPA,11,0.9177352784818893
MNI152NLin2009cAsym,MNI152NLin6Asym,1,warp,HOSPA,12,0.7637161644822941
MNI152NLin2009cAsym,MNI152NLin6Asym,1,warp,HOSPA,13,0.8340928053145261
MNI152NLin2009cAsym,MNI152NLin6Asym,1,warp,HOSPA,14,0.7827735426233315
MNI152NLin2009cAsym,MNI152NLin6Asym,1,warp,HOSPA,15,0.9563366657714945
MNI152NLin2009cAsym,MNI152NLin6Asym,1,warp,HOSPA,16,0.8481260793993859
MNI152NLin2009cAsym,MNI152NLin6Asym,1,warp,HOSPA,17,0.9231982234827188
MNI152NLin2009cAsym,MNI152NLin6Asym,1,warp,HOSPA,18,0.8792956225552343
MNI152NLin2009cAsym,MNI152NLin6Asym,1,warp,HOSPA,19,0.8474547429292663
MNI152NLin2009cAsym,MNI152NLin6Asym,1,warp,HOSPA,20,0.8216484124003821
MNI152NLin2009cAsym,MNI152NLin6Asym,1,warp,HOSPA,21,0.9397917061052373
MNI152NLin2009cAsym,MNI152NLin6Asym,2,identity,brain,1,0.7048657249150718
MNI152NLin2009cAsym,MNI152NLin6Asym,2,identity,HOCPA,1,0.502473950870887
MNI152NLin2009cAsym,MNI152NLin6Asym,2,identity,HOCPA,2,0.8064599434902416
MNI152NLin2009cAsym,MNI152NLin6Asym,2,identity,HOCPA,3,0.5376218210886798
MNI152NLin2009cAsym,MNI152NLin6Asym,2,identity,HOCPA,4,0.49515752128882673
MNI152NLin2009cAsym,MNI152NLin6Asym,2,identity,HOCPA,5,0.6693080838401271
MNI152NLin2009cAsym,MNI152NLin6Asym,2,identity,HOCPA,6,0.7815975399758951
MNI152NLin2009cAsym,MNI152NLin6Asym,2,identity,HOCPA,7,0.6522448243552018
MNI152NLin2009cAsym,MNI152NLin6Asym,2,identity,HOCPA,8,0.5505922428750365
MNI152NLin2009cAsym,MNI152NLin6Asym,2,identity,HOCPA,9,0.697829830782002
MNI152NLin2009cAsym,MNI152NLin6Asym,2,identity,HOCPA,10,0.673228854466758
MNI152NLin2009cAsym,MNI152NLin6Asym,2,identity,HOCPA,11,0.476070077382984
MNI152NLin2009cAsym,MNI152NLin6Asym,2,identity,HOCPA,12,0.4934341121935391
MNI152NLin2009cAsym,MNI152NLin6Asym,2,identity,HOCPA,13,0.5105480342278531
MNI152NLin2009cAsym,MNI152NLin6Asym,2,identity,HOCPA,14,0.5845817978176464
MNI152NLin2009cAsym,MNI152NLin6Asym,2,identity,HOCPA,15,0.48545052082314977
MNI152NLin2009cAsym,MNI152NLin6Asym,2,identity,HOCPA,16,0.3216484038469899
MNI152NLin2009cAsym,MNI152NLin6Asym,2,identity,HOCPA,17,0.5886583506760836
MNI152NLin2009cAsym,MNI152NLin6Asym,2,identity,HOCPA,18,0.24401025650946662
MNI152NLin2009cAsym,MNI152NLin6Asym,2,identity,HOCPA,19,0.5971064957747261
MNI152NLin2009cAsym,MNI152NLin6Asym,2,identity,HOCPA,20,0.41373640338002554
MNI152NLin2009cAsym,MNI152NLin6Asym,2,identity,HOCPA,21,0.2093131714969339
MNI152NLin2009cAsym,MNI152NLin6Asym,2,identity,HOCPA,22,0.32994501490877803
MNI152NLin2009cAsym,MNI152NLin6Asym,2,identity,HOCPA,23,0.2938877343476595
MNI152NLin2009cAsym,MNI152NLin6Asym,2,identity,HOCPA,24,0.6469619830231595
MNI152NLin2009cAsym,MNI152NLin6Asym,2,identity,HOCPA,25,0.6283110100381162
MNI152NLin2009cAsym,MNI152NLin6Asym,2,identity,HOCPA,26,0.7766501891092777
MNI152NLin2009cAsym,MNI152NLin6Asym,2,identity,HOCPA,27,0.6625809349762826
MNI152NLin2009cAsym,MNI152NLin6Asym,2,identity,HOCPA,28,0.7567386829255397
MNI152NLin2009cAsym,MNI152NLin6Asym,2,identity,HOCPA,29,0.8720567626042608
MNI152NLin2009cAsym,MNI152NLin6Asym,2,identity,HOCPA,30,0.7406449461993848
MNI152NLin2009cAsym,MNI152NLin6Asym,2,identity,HOCPA,31,0.6892138622116778
MNI152NLin2009cAsym,MNI152NLin6Asym,2,identity,HOCPA,32,0.6329485860494641
MNI152NLin2009cAsym,MNI152NLin6Asym,2,identity,HOCPA,33,0.5785048814368313
MNI152NLin2009cAsym,MNI152NLin6Asym,2,identity,HOCPA,34,0.5513056453971794
MNI152NLin2009cAsym,MNI152NLin6Asym,2,identity,HOCPA,35,0.7122944390121044
MNI152NLin2009cAsym,MNI152NLin6Asym,2,identity,HOCPA,36,0.831885626022919
MNI152NLin2009cAsym,MNI152NLin6Asym,2,identity,HOCPA,37,0.4285417165652348
MNI152NLin2009cAsym,MNI152NLin6Asym,2,identity,HOCPA,38,0.5884693370705768
MNI152NLin2009cAsym,MNI152NLin6Asym,2,identity,HOCPA,39,0.7724761928087249
MNI152NLin2009cAsym,MNI152NLin6Asym,2,identity,HOCPA,40,0.4238857548941887
MNI152NLin2009cAsym,MNI152NLin6Asym,2,identity,HOCPA,41,0.8100578066682449
MNI152NLin2009cAsym,MNI152NLin6Asym,2,identity,HOCPA,42,0.7950003276339813
MNI152NLin2009cAsym,MNI152NLin6Asym,2,identity,HOCPA,43,0.6876659718234288
MNI152NLin2009cAsym,MNI152NLin6Asym,2,identity,HOCPA,44,0.8748381352366141
MNI152NLin2009cAsym,MNI152NLin6Asym,2,identity,HOCPA,45,0.8108169464718056
MNI152NLin2009cAsym,MNI152NLin6Asym,2,identity,HOCPA,46,0.780832599145578
MNI152NLin2009cAsym,MNI152NLin6Asym,2,identity,HOCPA,47,0.6929040239272063
MNI152NLin2009cAsym,MNI152NLin6Asym,2,identity,HOCPA,48,0.4585402387509935
MNI152NLin2009cAsym,MNI152NLin6Asym,2,identity,HOSPA,1,0.6162917831414191
MNI152NLin2009cAsym,MNI152NLin6Asym,2,identity,HOSPA,2,0.49148265304438477
MNI152NLin2009cAsym,MNI152NLin6Asym,2,identity,HOSPA,3,0.6694376389686942
MNI152NLin2009cAsym,MNI152NLin6Asym,2,identity,HOSPA,4,0.9026534359102681
MNI152NLin2009cAsym,MNI152NLin6Asym,2,identity,HOSPA,5,0.533799717620702
MNI152NLin2009cAsym,MNI152NLin6Asym,2,identity,HOSPA,6,0.8162346641053349
MNI152NLin2009cAsym,MNI152NLin6Asym,2,identity,HOSPA,7,0.7078700929244095
MNI152NLin2009cAsym,MNI152NLin6Asym,2,identity,HOSPA,8,0.6525382415656084
MNI152NLin2009cAsym,MNI152NLin6Asym,2,identity,HOSPA,9,0.7253795255813108
MNI152NLin2009cAsym,MNI152NLin6Asym,2,identity,HOSPA,10,0.665499897836246
MNI152NLin2009cAsym,MNI152NLin6Asym,2,identity,HOSPA,11,0.7818549643335316
MNI152NLin2009cAsym,MNI152NLin6Asym,2,identity,HOSPA,12,0.6358388818657483
MNI152NLin2009cAsym,MNI152NLin6Asym,2,identity,HOSPA,13,0.6027239301284845
MNI152NLin2009cAsym,MNI152NLin6Asym,2,identity,HOSPA,14,0.6841713294368992
MNI152NLin2009cAsym,MNI152NLin6Asym,2,identity,HOSPA,15,0.9481045285328549
MNI152NLin2009cAsym,MNI152NLin6Asym,2,identity,HOSPA,16,0.7843463636855467
MNI152NLin2009cAsym,MNI152NLin6Asym,2,identity,HOSPA,17,0.8935543350208706
MNI152NLin2009cAsym,MNI152NLin6Asym,2,identity,HOSPA,18,0.7839495691717389
MNI152NLin2009cAsym,MNI152NLin6Asym,2,identity,HOSPA,19,0.8048939877689905
MNI152NLin2009cAsym,MNI152NLin6Asym,2,identity,HOSPA,20,0.810618662424861
MNI152NLin2009cAsym,MNI152NLin6Asym,2,identity,HOSPA,21,0.9345691254525007
MNI152NLin2009cAsym,MNI152NLin6Asym,2,warp,brain,1,0.8271033221664066
MNI152NLin2009cAsym,MNI152NLin6Asym,2,warp,HOCPA,1,0.8300917100962999
MNI152NLin2009cAsym,MNI152NLin6Asym,2,warp,HOCPA,2,0.8727759509626521
MNI152NLin2009cAsym,MNI152NLin6Asym,2,warp,HOCPA,3,0.8546526484718528
MNI152NLin2009cAsym,MNI152NLin6Asym,2,warp,HOCPA,4,0.8312310858557892
MNI152NLin2009cAsym,MNI152NLin6Asym,2,warp,HOCPA,5,0.8222741196344584
MNI152NLin2009cAsym,MNI152NLin6Asym,2,warp,HOCPA,6,0.9278621338958356
MNI152NLin2009cAsym,MNI152NLin6Asym,2,warp,HOCPA,7,0.8887414934978992
MNI152NLin2009cAsym,MNI152NLin6Asym,2,warp,HOCPA,8,0.8552922484283898
MNI152NLin2009cAsym,MNI152NLin6Asym,2,warp,HOCPA,9,0.7895254751989824
MNI152NLin2009cAsym,MNI152NLin6Asym,2,warp,HOCPA,10,0.8316811303278921
MNI152NLin2009cAsym,MNI152NLin6Asym,2,warp,HOCPA,11,0.83727065860147
MNI152NLin2009cAsym,MNI152NLin6Asym,2,warp,HOCPA,12,0.8208876837092807
MNI152NLin2009cAsym,MNI152NLin6Asym,2,warp,HOCPA,13,0.7546815486395687
MNI152NLin2009cAsym,MNI152NLin6Asym,2,warp,HOCPA,14,0.8461312775029027
MNI152NLin2009cAsym,MNI152NLin6Asym,2,warp,HOCPA,15,0.8064485680374709
MNI152NLin2009cAsym,MNI152NLin6Asym,2,warp,HOCPA,16,0.7044454962841633
MNI152NLin2009cAsym,MNI152NLin6Asym,2,warp,HOCPA,17,0.8819969139491867
MNI152NLin2009cAsym,MNI152NLin6Asym,2,warp,HOCPA,18,0.785876971821851
MNI152NLin2009cAsym,MNI152NLin6Asym,2,warp,HOCPA,19,0.8097030343347558
MNI152NLin2009cAsym,MNI152NLin6Asym,2,warp,HOCPA,20,0.6225353992433825
MNI152NLin2009cAsym,MNI152NLin6Asym,2,warp,HOCPA,21,0.5834568009441449
MNI152NLin2009cAsym,MNI152NLin6Asym,2,warp,HOCPA,22,0.793465138028407
MNI152NLin2009cAsym,MNI152NLin6Asym,2,warp,HOCPA,23,0.7927580712925514
MNI152NLin2009cAsym,MNI152NLin6Asym,2,warp,HOCPA,24,0.8276361647876385
MNI152NLin2009cAsym,MNI152NLin6Asym,2,warp,HOCPA,25,0.8769863672268072
MNI152NLin2009cAsym,MNI152NLin6Asym,2,warp,HOCPA,26,0.8669274257361247
MNI152NLin2009cAsym,MNI152NLin6Asym,2,warp,HOCPA,27,0.7148545398379068
MNI152NLin2009cAsym,MNI152NLin6Asym,2,warp,HOCPA,28,0.8625384582945334
MNI152NLin2009cAsym,MNI152NLin6Asym,2,warp,HOCPA,29,0.9165544302031275
MNI152NLin2009cAsym,MNI152NLin6Asym,2,warp,HOCPA,30,0.8677638521785542
MNI152NLin2009cAsym,MNI152NLin6Asym,2,warp,HOCPA,31,0.8061928757933537
MNI152NLin2009cAsym,MNI152NLin6Asym,2,warp,HOCPA,32,0.7720469432460985
MNI152NLin2009cAsym,MNI152NLin6Asym,2,warp,HOCPA,33,0.8782095538981316
MNI152NLin2009cAsym,MNI152NLin6Asym,2,warp,HOCPA,34,0.7775999196780403
MNI152NLin2009cAsym,MNI152NLin6Asym,2,warp,HOCPA,35,0.8281741635385734
MNI152NLin2009cAsym,MNI152NLin6Asym,2,warp,HOCPA,36,0.8343241914575172
MNI152NLin2009cAsym,MNI152NLin6Asym,2,warp,HOCPA,37,0.7888459072253712
MNI152NLin2009cAsym,MNI152NLin6Asym,2,warp,HOCPA,38,0.8680222725558667
MNI152NLin2009cAsym,MNI152NLin6Asym,2,warp,HOCPA,39,0.8734954852322665
MNI152NLin2009cAsym,MNI152NLin6Asym,2,warp,HOCPA,40,0.5675993979066132
MNI152NLin2009cAsym,MNI152NLin6Asym,2,warp,HOCPA,41,0.8917598137666226
MNI152NLin2009cAsym,MNI152NLin6Asym,2,warp,HOCPA,42,0.902462163258549
MNI152NLin2009cAsym,MNI152NLin6Asym,2,warp,HOCPA,43,0.9002491270158985
MNI152NLin2009cAsym,MNI152NLin6Asym,2,warp,HOCPA,44,0.9363099043065778
MNI152NLin2009cAsym,MNI152NLin6Asym,2,warp,HOCPA,45,0.9274005235269661
MNI152NLin2009cAsym,MNI152NLin6Asym,2,warp,HOCPA,46,0.9021629150995091
MNI152NLin2009cAsym,MNI152NLin6Asym,2,warp,HOCPA,47,0.7566052497473426
MNI152NLin2009cAsym,MNI152NLin6Asym,2,warp,HOCPA,48,0.8250022304768576
MNI152NLin2009cAsym,MNI152NLin6Asym,2,warp,HOSPA,1,0.7835603898117924
MNI152NLin2009cAsym,MNI152NLin6Asym,2,warp,HOSPA,2,0.822750745906663
MNI152NLin2009cAsym,MNI152NLin6Asym,2,warp,HOSPA,3,0.8158063122279808
MNI152NLin2009cAsym,MNI152NLin6Asym,2,warp,HOSPA,4,0.9456256702163923
MNI152NLin2009cAsym,MNI152NLin6Asym,2,warp,HOSPA,5,0.7587485660932972
MNI152NLin2009cAsym,MNI152NLin6Asym,2,warp,HOSPA,6,0.9196604525061577
MNI152NLin2009cAsym,MNI152NLin6Asym,2,warp,HOSPA,7,0.8562670745928935
MNI152NLin2009cAsym,MNI152NLin6Asym,2,warp,HOSPA,8,0.6975335772122961
MNI152NLin2009cAsym,MNI152NLin6Asym,2,warp,HOSPA,9,0.846711236237133
MNI152NLin2009cAsym,MNI152NLin6Asym,2,warp,HOSPA,10,0.7678394893178664
MNI152NLin2009cAsym,MNI152NLin6Asym,2,warp,HOSPA,11,0.9008195837753115
MNI152NLin2009cAsym,MNI152NLin6Asym,2,warp,HOSPA,12,0.7676541731404964
MNI152NLin2009cAsym,MNI152NLin6Asym,2,warp,HOSPA,13,0.84036864902048
MNI152NLin2009cAsym,MNI152NLin6Asym,2,warp,HOSPA,14,0.810017788851574
MNI152NLin2009cAsym,MNI152NLin6Asym,2,warp,HOSPA,15,0.9532285922923877
MNI152NLin2009cAsym,MNI152NLin6Asym,2,warp,HOSPA,16,0.8509602256235788
MNI152NLin2009cAsym,MNI152NLin6Asym,2,warp,HOSPA,17,0.9321812189990577
MNI152NLin2009cAsym,MNI152NLin6Asym,2,warp,HOSPA,18,0.8772790305524257
MNI152NLin2009cAsym,MNI152NLin6Asym,2,warp,HOSPA,19,0.8491320115298123
MNI152NLin2009cAsym,MNI152NLin6Asym,2,warp,HOSPA,20,0.8294869134445764
MNI152NLin2009cAsym,MNI152NLin6Asym,2,warp,HOSPA,21,0.9300092950379284
