case,method,atlas,key,label,correlation,reference_voxels,moving_voxels,dice,volume_bias_percent,mean_boundary_mm,hd95_mm,centroid_mm,identity_dice,dice_change
MNI152NLin2009cAsym_to_MNI152NLin6Asym_res-01,warp,HOCPA,21,Angular Gyrus,0.7139971311142786,19542,17916,0.8377916599925249,-8.320540374577833,0.9539549340560239,2.449489742783178,1.1602614723911975,0.8087191865993709,0.029072473393153997
MNI152NLin2009cAsym_to_MNI152NLin6Asym_res-01,warp,HOSPA,21,Right Accumbens,0.9375515537072431,666,626,0.8622291021671826,-6.006006006006006,0.4411136971936922,1.0,0.4017641155850145,0.7878787878787878,0.07435031428839478
MNI152NLin2009cAsym_to_MNI152NLin6Asym_res-01,warp,HOCPA,20,"Supramarginal Gyrus, posterior division",0.7385378620979364,18720,18172,0.8732516534750081,-2.927350427350427,0.6964072746615108,2.0,0.7087383101248256,0.8454892711564591,0.027762382318548995
MNI152NLin2009cAsym_to_MNI152NLin6Asym_res-01,warp,HOCPA,47,Supracalcarine Cortex,0.9761652942071718,2081,1878,0.873452892144481,-9.754925516578568,0.3755745561169536,1.0,0.6372404253037299,0.760837798343887,0.11261509380059398
MNI152NLin2009cAsym_to_MNI152NLin6Asym_res-01,warp,HOCPA,10,"Superior Temporal Gyrus, posterior division",0.9008260657666294,6488,5990,0.875621093123898,-7.675709001233046,0.4532712161528815,1.0,0.20335282156844256,0.8281838733986435,0.0474372197252545
MNI152NLin2009cAsym_to_MNI152NLin6Asym_res-01,warp,HOCPA,5,"Inferior Frontal Gyrus, pars triangularis",0.9095453724211802,9503,9388,0.8858186437986343,-1.2101441650005262,0.5902298212174929,1.4142135623730951,1.0668675713957227,0.8448631145128054,0.04095552928582891
MNI152NLin2009cAsym_to_MNI152NLin6Asym_res-01,warp,HOCPA,46,Planum Temporale,0.9531670816592018,8032,7916,0.8891397040381239,-1.4442231075697212,0.49920091243779674,1.0,1.7410224975770539,0.8741216379937,0.015018066044423906
MNI152NLin2009cAsym_to_MNI152NLin6Asym_res-01,warp,HOCPA,43,Parietal Operculum Cortex,0.9420318192326957,8739,9047,0.8893511750815248,3.5244307128962125,0.6082693428102922,1.4142135623730951,3.8317726146204945,0.9025063362433118,-0.013155161161786944
MNI152NLin2009cAsym_to_MNI152NLin6Asym_res-01,warp,HOCPA,18,Superior Parietal Lobule,0.8216108051275076,23450,24952,0.8915334077104252,6.405117270788913,0.7889030962774959,2.0,0.7803141318821677,0.8076832981962989,0.0838501095141263
MNI152NLin2009cAsym_to_MNI152NLin6Asym_res-01,warp,HOSPA,14,Right Lateral Ventricle,0.8555417170570617,8283,6844,0.8940305414160111,-17.372932512374742,0.47164299350068045,1.0,0.6397197213222211,0.8875543844598321,0.00647615695617898
MNI152NLin2009cAsym_to_MNI152NLin6Asym_res-02,warp,HOCPA,10,"Superior Temporal Gyrus, posterior division",0.864621210881717,1830,735,0.5676413255360624,-59.83606557377049,2.152820269251034,4.898979485566356,2.5540151156968616,0.6188876446435237,-0.05124631910746136
MNI152NLin2009cAsym_to_MNI152NLin6Asym_res-02,warp,HOCPA,21,Angular Gyrus,0.7551645472659145,2409,2280,0.8270420132224355,-5.354919053549191,1.0731939524824392,2.0,1.1864013195153822,0.8438785504407443,-0.0168365372183088
MNI152NLin2009cAsym_to_MNI152NLin6Asym_res-02,warp,HOCPA,41,Frontal Operculum Cortex,0.9880847441559985,687,645,0.8318318318318318,-6.11353711790393,0.9071251268242,2.0,1.2551398683294923,0.8167613636363636,0.0150704681954682
MNI152NLin2009cAsym_to_MNI152NLin6Asym_res-02,warp,HOCPA,37,"Temporal Fusiform Cortex, anterior division",0.9171093140451971,610,666,0.835423197492163,9.180327868852459,0.8609273070578422,2.0,0.9689766136045431,0.8342857142857143,0.0011374832064486862
MNI152NLin2009cAsym_to_MNI152NLin6Asym_res-02,warp,HOCPA,46,Planum Temporale,0.964845645382511,952,956,0.8385744234800838,0.42016806722689076,0.729320624330881,2.0,4.037206234666015,0.8351539225422046,0.0034205009378792672
MNI152NLin2009cAsym_to_MNI152NLin6Asym_res-02,warp,HOCPA,20,"Supramarginal Gyrus, posterior division",0.7634161323421881,2259,2260,0.8479752157556981,0.04426737494466578,0.8924755745328666,2.0,0.6498245464723928,0.8758088081820079,-0.027833592426309783
MNI152NLin2009cAsym_to_MNI152NLin6Asym_res-02,warp,HOCPA,9,"Superior Temporal Gyrus, anterior division",0.8696159391868821,521,534,0.8511848341232228,2.495201535508637,0.6902460460325562,2.0,1.14220323321946,0.8441330998248686,0.007051734298354151
MNI152NLin2009cAsym_to_MNI152NLin6Asym_res-02,warp,HOCPA,47,Supracalcarine Cortex,0.9736683858464561,261,255,0.8565891472868217,-2.2988505747126435,0.4596087631882311,2.0,1.2935916310438353,0.7079303675048356,0.14865877978198605
MNI152NLin2009cAsym_to_MNI152NLin6Asym_res-02,warp,HOCPA,25,Frontal Medial Cortex,0.9674157410650535,976,919,0.8601583113456465,-5.840163934426229,0.8870891289684665,2.0,1.1967355182673662,0.8805287239450941,-0.020370412599447607
MNI152NLin2009cAsym_to_MNI152NLin6Asym_res-02,warp,HOCPA,43,Parietal Operculum Cortex,0.9531682003584017,1119,1188,0.8634590377113134,6.166219839142091,0.8150968973646346,2.0,3.889852919976734,0.8755555555555555,-0.01209651784424215
MNI152NLin6Asym_to_MNI152NLin2009cAsym_res-01,warp,HOCPA,21,Angular Gyrus,0.6654379010232674,21471,23178,0.8469618580483326,7.950258488193377,0.9858673685175627,2.449489742783178,1.1683264979137562,0.8087191865993709,0.03824267144896165
MNI152NLin6Asym_to_MNI152NLin2009cAsym_res-01,warp,HOSPA,21,Right Accumbens,0.8915743072632456,687,730,0.8680310515172901,6.259097525473071,0.43957375168313706,1.0,0.3839868443667099,0.7878787878787878,0.08015226363850225
MNI152NLin6Asym_to_MNI152NLin2009cAsym_res-01,warp,HOCPA,20,"Supramarginal Gyrus, posterior division",0.7416302953501558,20287,21144,0.86915594603075,4.224380144920392,0.7530857702820742,2.0,1.1342378751387894,0.8454892711564591,0.02366667487429086
MNI152NLin6Asym_to_MNI152NLin2009cAsym_res-01,warp,HOCPA,47,Supracalcarine Cortex,0.9531282852545304,2025,2200,0.8724260355029586,8.641975308641975,0.38320630474569933,1.0,0.6146480515185699,0.760837798343887,0.11158823715907162
MNI152NLin6Asym_to_MNI152NLin2009cAsym_res-01,warp,HOCPA,10,"Superior Temporal Gyrus, posterior division",0.8944420793119076,6782,7373,0.8755916637230661,8.714243585962842,0.46274180604785686,1.0,0.37231872476010486,0.8281838733986435,0.04740779032442255
MNI152NLin6Asym_to_MNI152NLin2009cAsym_res-01,warp,HOCPA,43,Parietal Operculum Cortex,0.9202626598977655,9016,8696,0.8883242999096658,-3.54924578527063,0.6057223517556256,1.4142135623730951,3.723805096235413,0.9025063362433118,-0.014182036333646009
MNI152NLin6Asym_to_MNI152NLin2009cAsym_res-01,warp,HOCPA,46,Planum Temporale,0.9377366314762468,8476,8562,0.888836717924639,1.0146295422369043,0.5029923005810443,1.0,2.09780276207835,0.8741216379937,0.014715079930939012
MNI152NLin6Asym_to_MNI152NLin2009cAsym_res-01,warp,HOCPA,5,"Inferior Frontal Gyrus, pars triangularis",0.8848097521656707,10879,11094,0.8915487188822646,1.976284584980237,0.5973009048274932,1.4142135623730951,0.5839604231055647,0.8448631145128054,0.04668560436945923
MNI152NLin6Asym_to_MNI152NLin2009cAsym_res-01,warp,HOCPA,18,Superior Parietal Lobule,0.8206167857362311,27778,25719,0.8969101071088098,-7.41234070127439,0.7934405500920666,1.7320508075688772,0.9044880451706371,0.8076832981962989,0.08922680891251089
MNI152NLin6Asym_to_MNI152NLin2009cAsym_res-01,warp,HOSPA,14,Right Lateral Ventricle,0.8154944173035217,8036,9649,0.9003109980209217,20.072175211548032,0.46735622501067525,1.0,0.6256909606892972,0.8875543844598321,0.012756613561089591
MNI152NLin6Asym_to_MNI152NLin2009cAsym_res-02,warp,HOCPA,10,"Superior Temporal Gyrus, posterior division",0.8948697047383825,849,2087,0.5742506811989101,145.8186101295642,2.218808085641187,5.656854249492381,1.7883119679723327,0.6188876446435237,-0.04463696344461365
MNI152NLin6Asym_to_MNI152NLin2009cAsym_res-02,warp,HOCPA,37,"Temporal Fusiform Cortex, anterior division",0.838994099807188,615,558,0.8286445012787724,-9.268292682926829,0.9000790993239599,2.0,1.6333107128292177,0.8342857142857143,-0.00564121300694187
MNI152NLin6Asym_to_MNI152NLin2009cAsym_res-02,warp,HOCPA,21,Angular Gyrus,0.7300533441130245,2696,2857,0.8359445344858635,5.971810089020772,1.1222617292173311,2.8284271247461903,1.4133716688424418,0.8438785504407443,-0.007934015954880858
MNI152NLin6Asym_to_MNI152NLin2009cAsym_res-02,warp,HOCPA,46,Planum Temporale,0.940860734180286,1062,1035,0.8383404864091559,-2.542372881355932,0.7439790018080692,2.0,2.90771130991532,0.8351539225422046,0.003186563866951375
MNI152NLin6Asym_to_MNI152NLin2009cAsym_res-02,warp,HOCPA,41,Frontal Operculum Cortex,0.9574021918407201,721,770,0.8423876592890678,6.796116504854369,0.8411411368714394,2.0,0.6227659633303289,0.8167613636363636,0.025626295652704134
MNI152NLin6Asym_to_MNI152NLin2009cAsym_res-02,warp,HOCPA,20,"Supramarginal Gyrus, posterior division",0.7557319467398992,2532,2557,0.8453527215562979,0.9873617693522907,0.9571984445058347,2.0,1.0489766292962792,0.8758088081820079,-0.030456086625709977
MNI152NLin6Asym_to_MNI152NLin2009cAsym_res-02,warp,HOCPA,9,"Superior Temporal Gyrus, anterior division",0.8535057816710959,621,612,0.8483373884833739,-1.4492753623188406,0.7252403929923372,2.0,1.2768908349142563,0.8441330998248686,0.004204288658505306
MNI152NLin6Asym_to_MNI152NLin2009cAsym_res-02,warp,HOCPA,43,Parietal Operculum Cortex,0.9234453998581289,1131,1074,0.8598639455782313,-5.039787798408488,0.8037516874477967,2.0,3.70277060001973,0.8755555555555555,-0.015691609977324217
MNI152NLin6Asym_to_MNI152NLin2009cAsym_res-02,warp,HOCPA,14,"Inferior Temporal Gyrus, anterior division",0.902418589519545,740,648,0.8602305475504323,-12.432432432432432,0.7877542057437652,2.0,2.3662340559035284,0.829127613554434,0.031102933995998283
MNI152NLin6Asym_to_MNI152NLin2009cAsym_res-02,warp,HOCPA,40,Occipital Fusiform Gyrus,0.7903995352439935,1857,1819,0.8623503808487486,-2.046311254711901,0.9492990717852077,2.0,1.9822234747658498,0.8872508872508873,-0.0249005064021387
