comparison,key,label,reference_vertices,predicted_vertices,dice,area_dice,reference_area_mm2,predicted_area_mm2,area_bias_percent
fsLR-fsaverage-L-1000:published,438,7Networks_LH_Default_PFC_23,120,57,0.24858757062146894,0.2688353359699249,68.51366424560547,39.9387321472168,-41.7069091796875
fsLR-fsaverage-L-1000:published,390,7Networks_LH_Default_Par_16,149,159,0.2857142857142857,0.2885100841522217,83.36920928955078,84.91494750976562,1.8540877103805542
fsLR-fsaverage-L-1000:published,55,7Networks_LH_Vis_55,80,95,0.38857142857142857,0.40361371636390686,38.43214797973633,45.392234802246094,18.110063552856445
fsLR-fsaverage-L-1000:published,367,7Networks_LH_Cont_Cing_3,301,151,0.39823008849557523,0.41392651200294495,67.95126342773438,41.60588073730469,-38.770999908447266
fsLR-fsaverage-L-1000:published,323,7Networks_LH_Cont_Par_6,238,225,0.42764578833693306,0.4342835545539856,130.0440673828125,124.2608642578125,-4.447110176086426
fsLR-fsaverage-L-1000:published,332,7Networks_LH_Cont_Par_15,215,193,0.45098039215686275,0.43977540731430054,81.73530578613281,69.44886779785156,-15.031984329223633
fsLR-fsaverage-L-1000:published,104,7Networks_LH_SomMot_23,155,195,0.45714285714285713,0.4535963237285614,82.04200744628906,100.46936798095703,22.46088409423828
fsLR-fsaverage-L-1000:published,320,7Networks_LH_Cont_Par_3,213,156,0.46612466124661245,0.4621776342391968,111.83375549316406,81.426513671875,-27.189680099487305
fsLR-fsaverage-L-1000:published,300,7Networks_LH_Limbic_OFC_12,147,63,0.4666666666666667,0.4606556296348572,66.92912292480469,29.9742374420166,-55.21495819091797
fsLR-fsaverage-L-1000:published,417,7Networks_LH_Default_PFC_2,96,69,0.4727272727272727,0.47072556614875793,31.980937957763672,20.93437957763672,-34.541072845458984
fsLR-fsaverage-L-100:published,37,7Networks_LH_Cont_Cing_1,2094,1333,0.7592646629705282,0.8292551040649414,677.2442016601562,500.0341491699219,-26.166345596313477
fsLR-fsaverage-L-100:published,40,7Networks_LH_Default_Par_1,2214,2442,0.8702749140893471,0.871840238571167,1255.758544921875,1363.3271484375,8.566025733947754
fsLR-fsaverage-L-100:published,36,7Networks_LH_Cont_pCun_1,1267,1334,0.8719723183391004,0.8750945925712585,814.2406005859375,852.172119140625,4.658514976501465
fsLR-fsaverage-L-100:published,49,7Networks_LH_Default_pCunPCC_1,1784,1631,0.890190336749634,0.8952677249908447,807.41845703125,751.91943359375,-6.873638153076172
fsLR-fsaverage-L-100:published,5,7Networks_LH_Vis_5,1731,1707,0.893542757417103,0.8982939720153809,1523.581298828125,1498.24755859375,-1.6627757549285889
fsLR-fsaverage-L-100:published,24,7Networks_LH_SalVentAttn_ParOper_1,2489,2258,0.8965662523699178,0.8965674638748169,1313.193603515625,1186.5953369140625,-9.640487670898438
fsLR-fsaverage-L-100:published,39,7Networks_LH_Default_Temp_2,2650,2816,0.8971825832418587,0.8888932466506958,1454.337158203125,1590.601806640625,9.369536399841309
fsLR-fsaverage-L-100:published,28,7Networks_LH_SalVentAttn_Med_1,3761,3298,0.8992775180620485,0.9225494265556335,1912.036376953125,1783.1768798828125,-6.73938512802124
fsLR-fsaverage-L-100:published,48,7Networks_LH_Default_PFC_7,1988,1903,0.9036237471087124,0.8955515623092651,1386.927001953125,1332.12451171875,-3.9513609409332275
fsLR-fsaverage-L-100:published,42,7Networks_LH_Default_PFC_1,1961,2092,0.9069824821120158,0.8999572992324829,929.8789672851562,1004.3930053710938,8.013304710388184
fsLR-fsaverage-L-400:published,147,7Networks_LH_Cont_Cing_2,719,371,0.6311926605504588,0.6983610987663269,187.18226623535156,116.53692626953125,-37.74147033691406
fsLR-fsaverage-L-400:published,128,7Networks_LH_Cont_Par_2,508,497,0.6567164179104478,0.6523919701576233,271.4862365722656,267.1854248046875,-1.5841730833053589
fsLR-fsaverage-L-400:published,193,7Networks_LH_Default_pCunPCC_4,622,381,0.6580259222333001,0.7029885649681091,149.89169311523438,110.00019073486328,-26.613550186157227
fsLR-fsaverage-L-400:published,165,7Networks_LH_Default_Par_7,732,847,0.6827105763141229,0.6873800158500671,430.40386962890625,478.8629150390625,11.258970260620117
fsLR-fsaverage-L-400:published,129,7Networks_LH_Cont_Par_3,719,662,0.6893555394641564,0.6871520280838013,378.2222900390625,349.25897216796875,-7.657750129699707
fsLR-fsaverage-L-400:published,16,7Networks_LH_Vis_16,769,655,0.6938202247191011,0.6961775422096252,380.5321044921875,304.9998779296875,-19.84910774230957
fsLR-fsaverage-L-400:published,146,7Networks_LH_Cont_Cing_1,653,378,0.6964112512124151,0.7678662538528442,192.21177673339844,134.69189453125,-29.925264358520508
fsLR-fsaverage-L-400:published,149,7Networks_LH_Default_Temp_1,621,542,0.7188306104901118,0.7305163741111755,632.5693359375,578.8082885742188,-8.498838424682617
fsLR-fsaverage-L-400:published,65,7Networks_LH_SomMot_34,807,866,0.7244471010161386,0.7172265648841858,366.633056640625,407.27374267578125,11.084839820861816
fsLR-fsaverage-L-400:published,42,7Networks_LH_SomMot_11,541,405,0.7251585623678647,0.7220526933670044,267.99420166015625,197.52442932128906,-26.295259475708008
fsLR-fsaverage-R-1000:published,533,7Networks_RH_Vis_33,99,0,0.0,0.0,78.4561767578125,0.0,-100.0
fsLR-fsaverage-R-1000:published,903,7Networks_RH_Cont_Cing_1,109,0,0.0,0.0,29.993236541748047,0.0,-100.0
fsLR-fsaverage-R-1000:published,731,7Networks_RH_DorsAttn_Post_47,177,145,0.32919254658385094,0.33778125047683716,92.8217544555664,77.80564880371094,-16.177356719970703
fsLR-fsaverage-R-1000:published,655,7Networks_RH_SomMot_74,116,111,0.3436123348017621,0.3525139391422272,51.23883819580078,49.27676010131836,-3.8292789459228516
fsLR-fsaverage-R-1000:published,766,7Networks_RH_SalVentAttn_FrOperIns_1,174,109,0.3745583038869258,0.36050066351890564,55.304298400878906,39.036705017089844,-29.41469955444336
fsLR-fsaverage-R-1000:published,809,7Networks_RH_SalVentAttn_Med_18,156,106,0.3816793893129771,0.3774201571941376,75.39418029785156,47.27532958984375,-37.29578399658203
fsLR-fsaverage-R-1000:published,771,7Networks_RH_SalVentAttn_FrOperIns_6,447,458,0.39779005524861877,0.38602009415626526,150.19847106933594,157.74002075195312,5.021056175231934
fsLR-fsaverage-R-1000:published,670,7Networks_RH_SomMot_89,186,172,0.40782122905027934,0.4094667136669159,72.6424789428711,64.98223114013672,-10.545135498046875
fsLR-fsaverage-R-1000:published,664,7Networks_RH_SomMot_83,143,130,0.41025641025641024,0.4195907711982727,79.49269104003906,76.2225341796875,-4.11378288269043
fsLR-fsaverage-R-1000:published,961,7Networks_RH_Default_PFCdPFCm_5,153,150,0.46204620462046203,0.46647974848747253,104.0,114.2062759399414,9.813726425170898
fsLR-fsaverage-R-100:published,87,7Networks_RH_Cont_Cing_1,1845,1191,0.764163372859025,0.8047130107879639,720.611083984375,502.16619873046875,-30.313838958740234
fsLR-fsaverage-R-100:published,63,7Networks_RH_SomMot_5,1259,1350,0.8562667688769644,0.8637489676475525,613.0618896484375,655.1051025390625,6.857906818389893
fsLR-fsaverage-R-100:published,88,7Networks_RH_Cont_PFCmp_1,3197,2680,0.8565594691168964,0.8849903345108032,1620.20068359375,1472.361083984375,-9.124771118164062
fsLR-fsaverage-R-100:published,89,7Networks_RH_Cont_pCun_1,2814,2689,0.8751590041795384,0.8690610527992249,1610.632568359375,1527.142822265625,-5.183661937713623
fsLR-fsaverage-R-100:published,74,7Networks_RH_SalVentAttn_TempOccPar_1,2525,2315,0.8880165289256199,0.8810968399047852,1249.0396728515625,1137.0009765625,-8.969986915588379
fsLR-fsaverage-R-100:published,99,7Networks_RH_Default_pCunPCC_1,1562,1392,0.8943805010155721,0.9083273410797119,748.604736328125,664.7303466796875,-11.204095840454102
fsLR-fsaverage-R-100:published,95,7Networks_RH_Default_PFCv_2,1829,1999,0.8944618599791013,0.900783360004425,1442.746826171875,1619.8922119140625,12.278342247009277
fsLR-fsaverage-R-100:published,81,7Networks_RH_Cont_Par_1,1924,1862,0.8980454305335447,0.9013833999633789,1172.065185546875,1126.322509765625,-3.9027416706085205
fsLR-fsaverage-R-100:published,69,7Networks_RH_DorsAttn_Post_3,2763,2739,0.8982188295165394,0.887499988079071,1247.42578125,1222.56298828125,-1.9931280612945557
fsLR-fsaverage-R-100:published,71,7Networks_RH_DorsAttn_Post_5,3025,2860,0.8985556499575191,0.9004555344581604,1528.21142578125,1442.77880859375,-5.590366363525391
fsLR-fsaverage-R-400:published,384,7Networks_RH_Default_PFCdPFCm_6,594,332,0.6457883369330454,0.6970425248146057,249.625732421875,168.2542266845703,-32.5974006652832
fsLR-fsaverage-R-400:published,358,7Networks_RH_Cont_Cing_1,807,414,0.6552006552006552,0.684386670589447,248.45571899414062,138.8941650390625,-44.097015380859375
fsLR-fsaverage-R-400:published,305,7Networks_RH_SalVentAttn_FrOperIns_4,490,455,0.6624338624338625,0.6858937740325928,254.91729736328125,259.4088134765625,1.7619502544403076
fsLR-fsaverage-R-400:published,359,7Networks_RH_Cont_Cing_2,557,292,0.6643109540636042,0.700330376625061,175.04183959960938,99.91583251953125,-42.91888427734375
fsLR-fsaverage-R-400:published,277,7Networks_RH_DorsAttn_Post_7,408,417,0.6836363636363636,0.6706733107566833,281.9349670410156,274.2648010253906,-2.7205443382263184
fsLR-fsaverage-R-400:published,302,7Networks_RH_SalVentAttn_FrOperIns_1,1039,782,0.686436024162548,0.6527385711669922,375.3355712890625,308.32550048828125,-17.853374481201172
fsLR-fsaverage-R-400:published,303,7Networks_RH_SalVentAttn_FrOperIns_2,497,467,0.7053941908713693,0.7524328827857971,302.00640869140625,268.25299072265625,-11.1763916015625
fsLR-fsaverage-R-400:published,234,7Networks_RH_SomMot_4,652,856,0.7201591511936339,0.6901994943618774,227.304931640625,316.2406005859375,39.12614822387695
fsLR-fsaverage-R-400:published,304,7Networks_RH_SalVentAttn_FrOperIns_3,925,1003,0.7230290456431535,0.7025330662727356,318.4961242675781,341.42376708984375,7.198719024658203
fsLR-fsaverage-R-400:published,280,7Networks_RH_DorsAttn_Post_10,403,417,0.7268292682926829,0.7317288517951965,212.66683959960938,225.62953186035156,6.0953049659729
fsaverage-fsLR-L-1000:published,390,7Networks_LH_Default_Par_16,31,30,0.29508196721311475,0.2945404052734375,82.11219024658203,82.35975646972656,0.30149751901626587
fsaverage-fsLR-L-1000:published,55,7Networks_LH_Vis_55,16,14,0.3333333333333333,0.34571129083633423,42.86042785644531,37.7364616394043,-11.955004692077637
fsaverage-fsLR-L-1000:published,438,7Networks_LH_Default_PFC_23,10,7,0.35294117647058826,0.35192105174064636,33.62724685668945,23.333608627319336,-30.611003875732422
fsaverage-fsLR-L-1000:published,104,7Networks_LH_SomMot_23,38,32,0.42857142857142855,0.43235793709754944,97.10060119628906,82.45597076416016,-15.081914901733398
fsaverage-fsLR-L-1000:published,323,7Networks_LH_Cont_Par_6,43,45,0.4318181818181818,0.43509116768836975,121.0085678100586,127.19174194335938,5.109699249267578
fsaverage-fsLR-L-1000:published,385,7Networks_LH_Default_Par_11,54,51,0.45714285714285713,0.4602149724960327,138.58116149902344,131.37869262695312,-5.197292804718018
fsaverage-fsLR-L-1000:published,417,7Networks_LH_Default_PFC_2,18,17,0.45714285714285713,0.457912415266037,27.108028411865234,29.4661808013916,8.699092864990234
fsaverage-fsLR-L-1000:published,332,7Networks_LH_Cont_Par_15,35,39,0.4594594594594595,0.45559629797935486,69.27433013916016,80.1994857788086,15.770857810974121
fsaverage-fsLR-L-1000:published,320,7Networks_LH_Cont_Par_3,30,42,0.4722222222222222,0.4674234092235565,79.10529327392578,110.92252349853516,40.22136688232422
fsaverage-fsLR-L-1000:published,324,7Networks_LH_Cont_Par_7,33,34,0.47761194029850745,0.4776771366596222,92.02625274658203,95.86420440673828,4.170496463775635
fsaverage-fsLR-L-100:published,36,7Networks_LH_Cont_pCun_1,255,240,0.8727272727272727,0.8750409483909607,828.6096801757812,782.85888671875,-5.521392345428467
fsaverage-fsLR-L-100:published,40,7Networks_LH_Default_Par_1,527,490,0.8790560471976401,0.8743300437927246,1334.1624755859375,1235.58349609375,-7.388829231262207
fsaverage-fsLR-L-100:published,42,7Networks_LH_Default_PFC_1,355,321,0.893491124260355,0.8971592783927917,1000.81103515625,916.8071899414062,-8.393577575683594
fsaverage-fsLR-L-100:published,5,7Networks_LH_Vis_5,320,324,0.8975155279503105,0.8997080326080322,1439.28466796875,1483.375244140625,3.0633673667907715
fsaverage-fsLR-L-100:published,39,7Networks_LH_Default_Temp_2,536,503,0.9008662175168431,0.8931983709335327,1560.860595703125,1420.645263671875,-8.983206748962402
fsaverage-fsLR-L-100:published,24,7Networks_LH_SalVentAttn_ParOper_1,466,505,0.9042224510813595,0.9022995829582214,1160.7308349609375,1273.643798828125,9.727747917175293
fsaverage-fsLR-L-100:published,48,7Networks_LH_Default_PFC_7,397,419,0.9093137254901961,0.9052469730377197,1308.476318359375,1369.12890625,4.635359764099121
fsaverage-fsLR-L-100:published,19,7Networks_LH_DorsAttn_Post_4,355,392,0.9103078982597055,0.9052547812461853,749.6470947265625,837.0787963867188,11.663047790527344
fsaverage-fsLR-L-100:published,33,7Networks_LH_Limbic_TempPole_2,554,531,0.9105990783410138,0.9127333164215088,2270.808837890625,2168.2978515625,-4.514294147491455
fsaverage-fsLR-L-100:published,49,7Networks_LH_Default_pCunPCC_1,320,342,0.9123867069486404,0.9029493927955627,735.2575073242188,786.220703125,6.931339263916016
fsaverage-fsLR-L-400:published,128,7Networks_LH_Cont_Par_2,94,94,0.6595744680851063,0.6587737202644348,257.52703857421875,257.71478271484375,0.07290269434452057
fsaverage-fsLR-L-400:published,16,7Networks_LH_Vis_16,120,136,0.671875,0.6815462112426758,294.22491455078125,372.620849609375,26.644901275634766
fsaverage-fsLR-L-400:published,165,7Networks_LH_Default_Par_7,164,146,0.6967741935483871,0.7006462812423706,468.5801696777344,429.51416015625,-8.337102890014648
fsaverage-fsLR-L-400:published,129,7Networks_LH_Cont_Par_3,128,133,0.6973180076628352,0.6923524141311646,342.595703125,357.82763671875,4.446037769317627
fsaverage-fsLR-L-400:published,149,7Networks_LH_Default_Temp_1,128,142,0.7185185185185186,0.7207410335540771,560.4172973632812,615.1929931640625,9.774090766906738
fsaverage-fsLR-L-400:published,127,7Networks_LH_Cont_Par_1,94,96,0.7263157894736842,0.7164708971977234,267.1295471191406,292.36114501953125,9.445453643798828
fsaverage-fsLR-L-400:published,131,7Networks_LH_Cont_Par_5,115,110,0.7377777777777778,0.7375962734222412,289.5059814453125,278.70672607421875,-3.7302355766296387
fsaverage-fsLR-L-400:published,65,7Networks_LH_SomMot_34,155,142,0.7407407407407407,0.7317225337028503,401.1657409667969,366.8944091796875,-8.542936325073242
fsaverage-fsLR-L-400:published,42,7Networks_LH_SomMot_11,83,113,0.7448979591836735,0.7278435230255127,193.0724639892578,276.3960876464844,43.15665817260742
fsaverage-fsLR-L-400:published,93,7Networks_LH_SalVentAttn_ParOper_2,139,141,0.7642857142857142,0.762307345867157,330.1691589355469,348.82598876953125,5.650688171386719
fsaverage-fsLR-R-1000:published,533,7Networks_RH_Vis_33,0,17,0.0,0.0,0.0,73.32820129394531,
fsaverage-fsLR-R-1000:published,903,7Networks_RH_Cont_Cing_1,0,1,0.0,0.0,0.0,1.0661780834197998,
fsaverage-fsLR-R-1000:published,731,7Networks_RH_DorsAttn_Post_47,30,35,0.3076923076923077,0.3113778233528137,74.9514389038086,84.39219665527344,12.595832824707031
fsaverage-fsLR-R-1000:published,766,7Networks_RH_SalVentAttn_FrOperIns_1,38,48,0.32558139534883723,0.2869216501712799,46.175079345703125,50.91675567626953,10.26890754699707
fsaverage-fsLR-R-1000:published,655,7Networks_RH_SomMot_74,21,21,0.3333333333333333,0.34078702330589294,47.33732986450195,48.28178024291992,1.9951492547988892
fsaverage-fsLR-R-1000:published,809,7Networks_RH_SalVentAttn_Med_18,21,31,0.34615384615384615,0.33307862281799316,46.38483810424805,75.09676361083984,61.89937973022461
fsaverage-fsLR-R-1000:published,771,7Networks_RH_SalVentAttn_FrOperIns_6,92,83,0.3657142857142857,0.36764177680015564,155.04832458496094,138.67857360839844,-10.557838439941406
fsaverage-fsLR-R-1000:published,961,7Networks_RH_Default_PFCdPFCm_5,32,29,0.4262295081967213,0.42192697525024414,111.50163269042969,99.93517303466797,-10.3733549118042
fsaverage-fsLR-R-1000:published,670,7Networks_RH_SomMot_89,33,35,0.4411764705882353,0.43483155965805054,64.25566864013672,76.19466400146484,18.580453872680664
fsaverage-fsLR-R-1000:published,664,7Networks_RH_SomMot_83,31,32,0.4444444444444444,0.4479755163192749,75.64063262939453,83.8668212890625,10.875357627868652
fsaverage-fsLR-R-100:published,63,7Networks_RH_SomMot_5,276,266,0.8597785977859779,0.8627972602844238,648.1165771484375,617.7371826171875,-4.687335014343262
fsaverage-fsLR-R-100:published,89,7Networks_RH_Cont_pCun_1,511,534,0.8708133971291866,0.8663725852966309,1489.181640625,1575.3016357421875,5.783041954040527
fsaverage-fsLR-R-100:published,74,7Networks_RH_SalVentAttn_TempOccPar_1,439,478,0.8854961832061069,0.8795496821403503,1117.84228515625,1226.27880859375,9.700520515441895
fsaverage-fsLR-R-100:published,58,7Networks_RH_Vis_8,514,462,0.8954918032786885,0.9037072062492371,2230.51220703125,2049.49951171875,-8.115297317504883
fsaverage-fsLR-R-100:published,77,7Networks_RH_SalVentAttn_Med_1,550,533,0.8956602031394275,0.8819740414619446,1086.814697265625,1038.635986328125,-4.433019638061523
fsaverage-fsLR-R-100:published,95,7Networks_RH_Default_PFCv_2,428,395,0.8967193195625759,0.899933934211731,1574.8701171875,1415.612548828125,-10.112425804138184
fsaverage-fsLR-R-100:published,55,7Networks_RH_Vis_5,455,523,0.8977505112474438,0.897356390953064,1941.5799560546875,2238.0380859375,15.268911361694336
fsaverage-fsLR-R-100:published,81,7Networks_RH_Cont_Par_1,427,446,0.9003436426116839,0.9004999399185181,1099.811279296875,1149.4547119140625,4.5138139724731445
fsaverage-fsLR-R-100:published,69,7Networks_RH_DorsAttn_Post_3,542,540,0.9038817005545287,0.8963093161582947,1197.2039794921875,1204.1876220703125,0.5833293795585632
fsaverage-fsLR-R-100:published,75,7Networks_RH_SalVentAttn_TempOccPar_2,712,633,0.9040892193308551,0.8973527550697327,1596.78173828125,1382.058837890625,-13.44722843170166
fsaverage-fsLR-R-400:published,305,7Networks_RH_SalVentAttn_FrOperIns_4,101,104,0.6731707317073171,0.6824851632118225,242.08181762695312,241.11351013183594,-0.39999184012413025
fsaverage-fsLR-R-400:published,277,7Networks_RH_DorsAttn_Post_7,79,76,0.6838709677419355,0.6753137111663818,267.9195556640625,271.2257080078125,1.2340093851089478
fsaverage-fsLR-R-400:published,303,7Networks_RH_SalVentAttn_FrOperIns_2,102,104,0.6990291262135923,0.7550671100616455,250.0352020263672,279.6880798339844,11.859481811523438
fsaverage-fsLR-R-400:published,302,7Networks_RH_SalVentAttn_FrOperIns_1,208,251,0.7015250544662309,0.6563999056816101,316.63421630859375,378.07086181640625,19.403034210205078
fsaverage-fsLR-R-400:published,234,7Networks_RH_SomMot_4,148,111,0.7027027027027027,0.6830103993415833,307.7537841796875,219.1693115234375,-28.784202575683594
fsaverage-fsLR-R-400:published,304,7Networks_RH_SalVentAttn_FrOperIns_3,191,170,0.7146814404432132,0.7021416425704956,331.3394470214844,306.96038818359375,-7.357728481292725
fsaverage-fsLR-R-400:published,260,7Networks_RH_SomMot_30,136,132,0.7313432835820896,0.7362747192382812,325.7106628417969,305.05279541015625,-6.342397689819336
fsaverage-fsLR-R-400:published,280,7Networks_RH_DorsAttn_Post_10,83,81,0.7317073170731707,0.7332960963249207,220.68905639648438,213.18173217773438,-3.4017655849456787
fsaverage-fsLR-R-400:published,316,7Networks_RH_SalVentAttn_Med_6,128,133,0.7586206896551724,0.7580585479736328,248.05960083007812,269.47332763671875,8.632492065429688
fsaverage-fsLR-R-400:published,254,7Networks_RH_SomMot_24,167,183,0.76,0.7542833089828491,360.1051330566406,403.74481201171875,12.118593215942383
projection-L-1000:published,180,7Networks_LH_DorsAttn_Post_8,42,9,0.0,0.0,141.64547729492188,28.29734230041504,-80.02241516113281
projection-L-1000:published,214,7Networks_LH_DorsAttn_Post_42,49,0,0.0,0.0,128.72903442382812,0.0,-100.0
projection-L-1000:published,450,7Networks_LH_Default_PFC_35,64,48,0.08928571428571429,0.08152859658002853,232.17332458496094,166.22314453125,-28.405580520629883
projection-L-1000:published,209,7Networks_LH_DorsAttn_Post_37,29,35,0.09375,0.08888202905654907,65.98487091064453,86.82039642333984,31.576215744018555
projection-L-1000:published,156,7Networks_LH_SomMot_75,50,88,0.13043478260869565,0.12760531902313232,119.35059356689453,215.56317138671875,80.6134033203125
projection-L-1000:published,163,7Networks_LH_SomMot_82,44,47,0.13186813186813187,0.14152678847312927,118.60060119628906,130.03060913085938,9.637393951416016
projection-L-1000:published,166,7Networks_LH_SomMot_85,65,31,0.14583333333333334,0.14245523512363434,157.70071411132812,79.7024917602539,-49.459651947021484
projection-L-1000:published,228,7Networks_LH_DorsAttn_FEF_6,39,61,0.16,0.15827375650405884,92.15846252441406,156.03431701660156,69.31089782714844
projection-L-1000:published,202,7Networks_LH_DorsAttn_Post_30,44,68,0.16071428571428573,0.16020233929157257,89.83256530761719,150.7929229736328,67.85997772216797
projection-L-1000:published,191,7Networks_LH_DorsAttn_Post_19,27,33,0.2,0.19535721838474274,59.05101013183594,68.90475463867188,16.68683433532715
projection-L-100:published,7,7Networks_LH_Vis_7,429,399,0.7632850241545893,0.7611053586006165,1387.48095703125,1224.38037109375,-11.755158424377441
projection-L-100:published,27,7Networks_LH_SalVentAttn_PFCl_1,403,564,0.7673216132368149,0.7685956358909607,1580.61572265625,2208.905029296875,39.749656677246094
projection-L-100:published,47,7Networks_LH_Default_PFC_6,330,255,0.7760683760683761,0.7785432934761047,1156.98876953125,885.0771484375,-23.501665115356445
projection-L-100:published,19,7Networks_LH_DorsAttn_Post_4,355,401,0.7883597883597884,0.775736927986145,749.6470947265625,869.9708251953125,16.050716400146484
projection-L-100:published,48,7Networks_LH_Default_PFC_7,397,338,0.8108843537414966,0.7972809672355652,1308.476318359375,1076.7998046875,-17.70582389831543
projection-L-100:published,21,7Networks_LH_DorsAttn_Post_6,488,477,0.8248704663212435,0.8231350779533386,1180.930419921875,1157.333740234375,-1.9981430768966675
projection-L-100:published,36,7Networks_LH_Cont_pCun_1,255,259,0.8249027237354085,0.8265308141708374,828.6096801757812,852.40087890625,2.8712189197540283
projection-L-100:published,4,7Networks_LH_Vis_4,496,412,0.8414096916299559,0.8375076055526733,2115.5048828125,1734.628173828125,-18.004056930541992
projection-L-100:published,2,7Networks_LH_Vis_2,429,483,0.8530701754385965,0.8505535125732422,1809.34130859375,2054.136962890625,13.529545783996582
projection-L-100:published,22,7Networks_LH_DorsAttn_PrCv_1,626,531,0.8660328435609335,0.8483584523200989,1759.65771484375,1459.3787841796875,-17.064620971679688
projection-L-400:published,181,7Networks_LH_Default_PFC_16,126,105,0.3116883116883117,0.30347952246665955,444.92547607421875,338.3558044433594,-23.952251434326172
projection-L-400:published,65,7Networks_LH_SomMot_34,155,120,0.44363636363636366,0.43683499097824097,401.1657409667969,318.73748779296875,-20.547182083129883
projection-L-400:published,113,7Networks_LH_SalVentAttn_Med_7,106,56,0.5061728395061729,0.515803337097168,295.00262451171875,168.33168029785156,-42.93892288208008
projection-L-400:published,84,7Networks_LH_DorsAttn_Post_16,146,153,0.5217391304347826,0.5220651626586914,362.8980712890625,380.8728942871094,4.953132629394531
projection-L-400:published,82,7Networks_LH_DorsAttn_Post_14,133,52,0.5405405405405406,0.5485931634902954,338.4990234375,135.4897918701172,-59.97336196899414
projection-L-400:published,180,7Networks_LH_Default_PFC_15,116,144,0.5615384615384615,0.5635168552398682,447.81866455078125,557.5596923828125,24.50568389892578
projection-L-400:published,83,7Networks_LH_DorsAttn_Post_15,139,103,0.5619834710743802,0.5668408870697021,339.544921875,261.3459777832031,-23.030515670776367
projection-L-400:published,85,7Networks_LH_DorsAttn_Post_17,88,43,0.5648854961832062,0.5735589861869812,212.93878173828125,104.99378204345703,-50.69297409057617
projection-L-400:published,68,7Networks_LH_SomMot_37,105,56,0.5714285714285714,0.5953322649002075,245.51649475097656,141.50680541992188,-42.363624572753906
projection-L-400:published,78,7Networks_LH_DorsAttn_Post_10,87,128,0.5767441860465117,0.5831072926521301,207.22421264648438,311.56817626953125,50.353172302246094
projection-R-1000:published,60,7Networks_LH_Vis_60,0,3,0.0,0.0,0.0,15.316619873046875,
projection-R-1000:published,533,7Networks_RH_Vis_33,0,20,0.0,0.0,0.0,85.96229553222656,
projection-R-1000:published,581,7Networks_RH_Vis_81,47,5,0.0,0.0,175.2566680908203,22.406917572021484,-87.21479797363281
projection-R-1000:published,705,7Networks_RH_DorsAttn_Post_21,33,2,0.0,0.0,97.8826904296875,7.4009504318237305,-92.43895721435547
projection-R-1000:published,710,7Networks_RH_DorsAttn_Post_26,34,0,0.0,0.0,64.72637939453125,0.0,-100.0
projection-R-1000:published,762,7Networks_RH_SalVentAttn_TempOccPar_17,58,41,0.0,0.0,145.1507110595703,100.79994201660156,-30.554981231689453
projection-R-1000:published,849,7Networks_RH_Cont_Par_7,43,48,0.0,0.0,116.48169708251953,121.79338073730469,4.560101509094238
projection-R-1000:published,852,7Networks_RH_Cont_Par_10,41,4,0.0,0.0,106.66415405273438,10.5523042678833,-90.10697937011719
projection-R-1000:published,854,7Networks_RH_Cont_Par_12,36,41,0.0,0.0,84.84500122070312,98.7560043334961,16.395784378051758
projection-R-1000:published,919,7Networks_RH_Default_Par_7,46,34,0.025,0.02490144781768322,118.48348236083984,85.82623291015625,-27.562702178955078
projection-R-100:published,6,7Networks_LH_Vis_6,0,2,0.0,0.0,0.0,10.111937522888184,
projection-R-100:published,81,7Networks_RH_Cont_Par_1,427,308,0.5006802721088436,0.49973931908607483,1099.811279296875,779.3208618164062,-29.140491485595703
projection-R-100:published,90,7Networks_RH_Default_Par_1,403,592,0.6432160804020101,0.6528257727622986,1180.56201171875,1624.876708984375,37.635860443115234
projection-R-100:published,74,7Networks_RH_SalVentAttn_TempOccPar_1,439,453,0.7017937219730942,0.6847147941589355,1117.84228515625,1162.791259765625,4.021048069000244
projection-R-100:published,82,7Networks_RH_Cont_Par_2,440,345,0.7643312101910829,0.7796264290809631,1389.424072265625,1115.312744140625,-19.72841453552246
projection-R-100:published,63,7Networks_RH_SomMot_5,276,276,0.782608695652174,0.7737209796905518,648.1165771484375,635.07666015625,-2.0119709968566895
projection-R-100:published,57,7Networks_RH_Vis_7,473,523,0.7971887550200804,0.7865365147590637,1807.013916015625,2053.350830078125,13.632264137268066
projection-R-100:published,54,7Networks_RH_Vis_4,702,473,0.8017021276595745,0.8070791363716125,3300.3271484375,2249.010986328125,-31.854907989501953
projection-R-100:published,69,7Networks_RH_DorsAttn_Post_3,542,655,0.8137009189640768,0.7957125902175903,1197.2039794921875,1493.238525390625,24.727161407470703
projection-R-100:published,58,7Networks_RH_Vis_8,514,462,0.8155737704918032,0.8241556882858276,2230.51220703125,2079.00927734375,-6.792293071746826
projection-R-400:published,21,7Networks_LH_Vis_21,0,2,0.0,0.0,0.0,10.111937522888184,
projection-R-400:published,333,7Networks_RH_Cont_Par_2,95,73,0.0,0.0,255.07907104492188,186.23944091796875,-26.987564086914062
projection-R-400:published,365,7Networks_RH_Default_Par_4,120,155,0.17454545454545456,0.17189188301563263,327.85614013671875,397.57489013671875,21.265043258666992
projection-R-400:published,277,7Networks_RH_DorsAttn_Post_7,79,41,0.2833333333333333,0.2889842391014099,267.9195556640625,161.5741424560547,-39.69303894042969
projection-R-400:published,300,7Networks_RH_SalVentAttn_TempOccPar_7,194,160,0.4124293785310734,0.41230177879333496,489.66241455078125,403.2320861816406,-17.651004791259766
projection-R-400:published,362,7Networks_RH_Default_Par_1,94,111,0.4292682926829268,0.41870567202568054,240.82301330566406,275.3329772949219,14.330010414123535
projection-R-400:published,335,7Networks_RH_Cont_Par_4,167,64,0.44155844155844154,0.4465087950229645,398.52642822265625,158.52621459960938,-60.22190856933594
projection-R-400:published,334,7Networks_RH_Cont_Par_3,112,75,0.44919786096256686,0.4654390513896942,327.3739013671875,255.77774047851562,-21.869844436645508
projection-R-400:published,294,7Networks_RH_SalVentAttn_TempOccPar_1,111,79,0.4842105263157895,0.48053666949272156,318.0470275878906,242.31578063964844,-23.811336517333984
projection-R-400:published,336,7Networks_RH_Cont_Par_5,94,108,0.48514851485148514,0.4954310357570648,219.2288055419922,266.7696838378906,21.68550682067871
